areaType,areaName,areaCode,date,newDailyNsoDeathsByDeathDate,cumDailyNsoDeathsByDeathDate
region,London,E12000007,2023-02-24,4,25591
region,London,E12000007,2023-02-23,9,25587
region,London,E12000007,2023-02-22,10,25578
region,London,E12000007,2023-02-21,3,25568
region,London,E12000007,2023-02-20,8,25565
region,London,E12000007,2023-02-19,5,25557
region,London,E12000007,2023-02-18,4,25552
region,London,E12000007,2023-02-17,4,25548
region,London,E12000007,2023-02-16,6,25544
region,London,E12000007,2023-02-15,6,25538
region,London,E12000007,2023-02-14,6,25532
region,London,E12000007,2023-02-13,5,25526
region,London,E12000007,2023-02-12,4,25521
region,London,E12000007,2023-02-11,5,25517
region,London,E12000007,2023-02-10,1,25512
region,London,E12000007,2023-02-09,2,25511
region,London,E12000007,2023-02-08,5,25509
region,London,E12000007,2023-02-07,6,25504
region,London,E12000007,2023-02-06,7,25498
region,London,E12000007,2023-02-05,3,25491
region,London,E12000007,2023-02-04,4,25488
region,London,E12000007,2023-02-03,8,25484
region,London,E12000007,2023-02-02,6,25476
region,London,E12000007,2023-02-01,6,25470
region,London,E12000007,2023-01-31,1,25464
region,London,E12000007,2023-01-30,8,25463
region,London,E12000007,2023-01-29,5,25455
region,London,E12000007,2023-01-28,4,25450
region,London,E12000007,2023-01-27,10,25446
region,London,E12000007,2023-01-26,6,25436
region,London,E12000007,2023-01-25,4,25430
region,London,E12000007,2023-01-24,7,25426
region,London,E12000007,2023-01-23,6,25419
region,London,E12000007,2023-01-22,7,25413
region,London,E12000007,2023-01-21,4,25406
region,London,E12000007,2023-01-20,5,25402
region,London,E12000007,2023-01-19,7,25397
region,London,E12000007,2023-01-18,5,25390
region,London,E12000007,2023-01-17,9,25385
region,London,E12000007,2023-01-16,8,25376
region,London,E12000007,2023-01-15,9,25368
region,London,E12000007,2023-01-14,5,25359
region,London,E12000007,2023-01-13,6,25354
region,London,E12000007,2023-01-12,12,25348
region,London,E12000007,2023-01-11,7,25336
region,London,E12000007,2023-01-10,7,25329
region,London,E12000007,2023-01-09,8,25322
region,London,E12000007,2023-01-08,6,25314
region,London,E12000007,2023-01-07,8,25308
region,London,E12000007,2023-01-06,13,25300
region,London,E12000007,2023-01-05,11,25287
region,London,E12000007,2023-01-04,11,25276
region,London,E12000007,2023-01-03,17,25265
region,London,E12000007,2023-01-02,11,25248
region,London,E12000007,2023-01-01,10,25237
region,London,E12000007,2022-12-31,17,25227
region,London,E12000007,2022-12-30,12,25210
region,London,E12000007,2022-12-29,6,25198
region,London,E12000007,2022-12-28,6,25192
region,London,E12000007,2022-12-27,11,25186
region,London,E12000007,2022-12-26,13,25175
region,London,E12000007,2022-12-25,15,25162
region,London,E12000007,2022-12-24,13,25147
region,London,E12000007,2022-12-23,13,25134
region,London,E12000007,2022-12-22,7,25121
region,London,E12000007,2022-12-21,10,25114
region,London,E12000007,2022-12-20,10,25104
region,London,E12000007,2022-12-19,11,25094
region,London,E12000007,2022-12-18,15,25083
region,London,E12000007,2022-12-17,10,25068
region,London,E12000007,2022-12-16,6,25058
region,London,E12000007,2022-12-15,4,25052
region,London,E12000007,2022-12-14,8,25048
region,London,E12000007,2022-12-13,12,25040
region,London,E12000007,2022-12-12,9,25028
region,London,E12000007,2022-12-11,10,25019
region,London,E12000007,2022-12-10,8,25009
region,London,E12000007,2022-12-09,6,25001
region,London,E12000007,2022-12-08,9,24995
region,London,E12000007,2022-12-07,11,24986
region,London,E12000007,2022-12-06,7,24975
region,London,E12000007,2022-12-05,7,24968
region,London,E12000007,2022-12-04,5,24961
region,London,E12000007,2022-12-03,7,24956
region,London,E12000007,2022-12-02,6,24949
region,London,E12000007,2022-12-01,10,24943
region,London,E12000007,2022-11-30,7,24933
region,London,E12000007,2022-11-29,5,24926
region,London,E12000007,2022-11-28,5,24921
region,London,E12000007,2022-11-27,9,24916
region,London,E12000007,2022-11-26,5,24907
region,London,E12000007,2022-11-25,5,24902
region,London,E12000007,2022-11-24,3,24897
region,London,E12000007,2022-11-23,7,24894
region,London,E12000007,2022-11-22,4,24887
region,London,E12000007,2022-11-21,3,24883
region,London,E12000007,2022-11-20,6,24880
region,London,E12000007,2022-11-19,8,24874
region,London,E12000007,2022-11-18,5,24866
region,London,E12000007,2022-11-17,7,24861
region,London,E12000007,2022-11-16,9,24854
region,London,E12000007,2022-11-15,5,24845
region,London,E12000007,2022-11-14,8,24840
region,London,E12000007,2022-11-13,6,24832
region,London,E12000007,2022-11-12,3,24826
region,London,E12000007,2022-11-11,7,24823
region,London,E12000007,2022-11-10,7,24816
region,London,E12000007,2022-11-09,7,24809
region,London,E12000007,2022-11-08,4,24802
region,London,E12000007,2022-11-07,9,24798
region,London,E12000007,2022-11-06,6,24789
region,London,E12000007,2022-11-05,4,24783
region,London,E12000007,2022-11-04,15,24779
region,London,E12000007,2022-11-03,4,24764
region,London,E12000007,2022-11-02,4,24760
region,London,E12000007,2022-11-01,11,24756
region,London,E12000007,2022-10-31,5,24745
region,London,E12000007,2022-10-30,16,24740
region,London,E12000007,2022-10-29,10,24724
region,London,E12000007,2022-10-28,12,24714
region,London,E12000007,2022-10-27,12,24702
region,London,E12000007,2022-10-26,9,24690
region,London,E12000007,2022-10-25,10,24681
region,London,E12000007,2022-10-24,12,24671
region,London,E12000007,2022-10-23,8,24659
region,London,E12000007,2022-10-22,6,24651
region,London,E12000007,2022-10-21,8,24645
region,London,E12000007,2022-10-20,7,24637
region,London,E12000007,2022-10-19,7,24630
region,London,E12000007,2022-10-18,10,24623
region,London,E12000007,2022-10-17,14,24613
region,London,E12000007,2022-10-16,8,24599
region,London,E12000007,2022-10-15,9,24591
region,London,E12000007,2022-10-14,12,24582
region,London,E12000007,2022-10-13,10,24570
region,London,E12000007,2022-10-12,10,24560
region,London,E12000007,2022-10-11,11,24550
region,London,E12000007,2022-10-10,5,24539
region,London,E12000007,2022-10-09,6,24534
region,London,E12000007,2022-10-08,4,24528
region,London,E12000007,2022-10-07,6,24524
region,London,E12000007,2022-10-06,5,24518
region,London,E12000007,2022-10-05,6,24513
region,London,E12000007,2022-10-04,3,24507
region,London,E12000007,2022-10-03,4,24504
region,London,E12000007,2022-10-02,2,24500
region,London,E12000007,2022-10-01,7,24498
region,London,E12000007,2022-09-30,2,24491
region,London,E12000007,2022-09-29,6,24489
region,London,E12000007,2022-09-28,6,24483
region,London,E12000007,2022-09-27,3,24477
region,London,E12000007,2022-09-26,6,24474
region,London,E12000007,2022-09-25,6,24468
region,London,E12000007,2022-09-24,4,24462
region,London,E12000007,2022-09-23,1,24458
region,London,E12000007,2022-09-22,4,24457
region,London,E12000007,2022-09-21,3,24453
region,London,E12000007,2022-09-20,4,24450
region,London,E12000007,2022-09-19,2,24446
region,London,E12000007,2022-09-18,6,24444
region,London,E12000007,2022-09-17,2,24438
region,London,E12000007,2022-09-16,2,24436
region,London,E12000007,2022-09-15,4,24434
region,London,E12000007,2022-09-14,3,24430
region,London,E12000007,2022-09-13,4,24427
region,London,E12000007,2022-09-12,7,24423
region,London,E12000007,2022-09-11,3,24416
region,London,E12000007,2022-09-10,1,24413
region,London,E12000007,2022-09-09,3,24412
region,London,E12000007,2022-09-08,3,24409
region,London,E12000007,2022-09-07,3,24406
region,London,E12000007,2022-09-06,2,24403
region,London,E12000007,2022-09-05,4,24401
region,London,E12000007,2022-09-04,4,24397
region,London,E12000007,2022-09-03,0,24393
region,London,E12000007,2022-09-02,3,24393
region,London,E12000007,2022-09-01,6,24390
region,London,E12000007,2022-08-31,5,24384
region,London,E12000007,2022-08-30,4,24379
region,London,E12000007,2022-08-29,8,24375
region,London,E12000007,2022-08-28,3,24367
region,London,E12000007,2022-08-27,5,24364
region,London,E12000007,2022-08-26,5,24359
region,London,E12000007,2022-08-25,5,24354
region,London,E12000007,2022-08-24,4,24349
region,London,E12000007,2022-08-23,6,24345
region,London,E12000007,2022-08-22,5,24339
region,London,E12000007,2022-08-21,6,24334
region,London,E12000007,2022-08-20,8,24328
region,London,E12000007,2022-08-19,8,24320
region,London,E12000007,2022-08-18,5,24312
region,London,E12000007,2022-08-17,6,24307
region,London,E12000007,2022-08-16,8,24301
region,London,E12000007,2022-08-15,5,24293
region,London,E12000007,2022-08-14,6,24288
region,London,E12000007,2022-08-13,11,24282
region,London,E12000007,2022-08-12,9,24271
region,London,E12000007,2022-08-11,12,24262
region,London,E12000007,2022-08-10,6,24250
region,London,E12000007,2022-08-09,8,24244
region,London,E12000007,2022-08-08,14,24236
region,London,E12000007,2022-08-07,12,24222
region,London,E12000007,2022-08-06,8,24210
region,London,E12000007,2022-08-05,4,24202
region,London,E12000007,2022-08-04,6,24198
region,London,E12000007,2022-08-03,12,24192
region,London,E12000007,2022-08-02,14,24180
region,London,E12000007,2022-08-01,8,24166
region,London,E12000007,2022-07-31,4,24158
region,London,E12000007,2022-07-30,8,24154
region,London,E12000007,2022-07-29,8,24146
region,London,E12000007,2022-07-28,11,24138
region,London,E12000007,2022-07-27,14,24127
region,London,E12000007,2022-07-26,11,24113
region,London,E12000007,2022-07-25,12,24102
region,London,E12000007,2022-07-24,7,24090
region,London,E12000007,2022-07-23,12,24083
region,London,E12000007,2022-07-22,9,24071
region,London,E12000007,2022-07-21,12,24062
region,London,E12000007,2022-07-20,19,24050
region,London,E12000007,2022-07-19,15,24031
region,London,E12000007,2022-07-18,13,24016
region,London,E12000007,2022-07-17,17,24003
region,London,E12000007,2022-07-16,13,23986
region,London,E12000007,2022-07-15,11,23973
region,London,E12000007,2022-07-14,5,23962
region,London,E12000007,2022-07-13,13,23957
region,London,E12000007,2022-07-12,10,23944
region,London,E12000007,2022-07-11,13,23934
region,London,E12000007,2022-07-10,11,23921
region,London,E12000007,2022-07-09,11,23910
region,London,E12000007,2022-07-08,9,23899
region,London,E12000007,2022-07-07,12,23890
region,London,E12000007,2022-07-06,10,23878
region,London,E12000007,2022-07-05,12,23868
region,London,E12000007,2022-07-04,9,23856
region,London,E12000007,2022-07-03,7,23847
region,London,E12000007,2022-07-02,10,23840
region,London,E12000007,2022-07-01,3,23830
region,London,E12000007,2022-06-30,4,23827
region,London,E12000007,2022-06-29,8,23823
region,London,E12000007,2022-06-28,3,23815
region,London,E12000007,2022-06-27,7,23812
region,London,E12000007,2022-06-26,8,23805
region,London,E12000007,2022-06-25,6,23797
region,London,E12000007,2022-06-24,4,23791
region,London,E12000007,2022-06-23,9,23787
region,London,E12000007,2022-06-22,8,23778
region,London,E12000007,2022-06-21,7,23770
region,London,E12000007,2022-06-20,4,23763
region,London,E12000007,2022-06-19,3,23759
region,London,E12000007,2022-06-18,6,23756
region,London,E12000007,2022-06-17,4,23750
region,London,E12000007,2022-06-16,5,23746
region,London,E12000007,2022-06-15,6,23741
region,London,E12000007,2022-06-14,8,23735
region,London,E12000007,2022-06-13,1,23727
region,London,E12000007,2022-06-12,2,23726
region,London,E12000007,2022-06-11,0,23724
region,London,E12000007,2022-06-10,4,23724
region,London,E12000007,2022-06-09,3,23720
region,London,E12000007,2022-06-08,4,23717
region,London,E12000007,2022-06-07,5,23713
region,London,E12000007,2022-06-06,3,23708
region,London,E12000007,2022-06-05,1,23705
region,London,E12000007,2022-06-04,5,23704
region,London,E12000007,2022-06-03,2,23699
region,London,E12000007,2022-06-02,5,23697
region,London,E12000007,2022-06-01,2,23692
region,London,E12000007,2022-05-31,3,23690
region,London,E12000007,2022-05-30,5,23687
region,London,E12000007,2022-05-29,2,23682
region,London,E12000007,2022-05-28,2,23680
region,London,E12000007,2022-05-27,10,23678
region,London,E12000007,2022-05-26,7,23668
region,London,E12000007,2022-05-25,5,23661
region,London,E12000007,2022-05-24,5,23656
region,London,E12000007,2022-05-23,4,23651
region,London,E12000007,2022-05-22,7,23647
region,London,E12000007,2022-05-21,5,23640
region,London,E12000007,2022-05-20,3,23635
region,London,E12000007,2022-05-19,2,23632
region,London,E12000007,2022-05-18,2,23630
region,London,E12000007,2022-05-17,3,23628
region,London,E12000007,2022-05-16,2,23625
region,London,E12000007,2022-05-15,4,23623
region,London,E12000007,2022-05-14,6,23619
region,London,E12000007,2022-05-13,6,23613
region,London,E12000007,2022-05-12,5,23607
region,London,E12000007,2022-05-11,2,23602
region,London,E12000007,2022-05-10,9,23600
region,London,E12000007,2022-05-09,5,23591
region,London,E12000007,2022-05-08,5,23586
region,London,E12000007,2022-05-07,8,23581
region,London,E12000007,2022-05-06,6,23573
region,London,E12000007,2022-05-05,5,23567
region,London,E12000007,2022-05-04,7,23562
region,London,E12000007,2022-05-03,12,23555
region,London,E12000007,2022-05-02,6,23543
region,London,E12000007,2022-05-01,13,23537
region,London,E12000007,2022-04-30,5,23524
region,London,E12000007,2022-04-29,3,23519
region,London,E12000007,2022-04-28,8,23516
region,London,E12000007,2022-04-27,10,23508
region,London,E12000007,2022-04-26,5,23498
region,London,E12000007,2022-04-25,12,23493
region,London,E12000007,2022-04-24,6,23481
region,London,E12000007,2022-04-23,10,23475
region,London,E12000007,2022-04-22,9,23465
region,London,E12000007,2022-04-21,13,23456
region,London,E12000007,2022-04-20,10,23443
region,London,E12000007,2022-04-19,13,23433
region,London,E12000007,2022-04-18,12,23420
region,London,E12000007,2022-04-17,13,23408
region,London,E12000007,2022-04-16,12,23395
region,London,E12000007,2022-04-15,8,23383
region,London,E12000007,2022-04-14,15,23375
region,London,E12000007,2022-04-13,16,23360
region,London,E12000007,2022-04-12,13,23344
region,London,E12000007,2022-04-11,16,23331
region,London,E12000007,2022-04-10,11,23315
region,London,E12000007,2022-04-09,11,23304
region,London,E12000007,2022-04-08,9,23293
region,London,E12000007,2022-04-07,18,23284
region,London,E12000007,2022-04-06,18,23266
region,London,E12000007,2022-04-05,11,23248
region,London,E12000007,2022-04-04,7,23237
region,London,E12000007,2022-04-03,18,23230
region,London,E12000007,2022-04-02,13,23212
region,London,E12000007,2022-04-01,14,23199
region,London,E12000007,2022-03-31,14,23185
region,London,E12000007,2022-03-30,12,23171
region,London,E12000007,2022-03-29,11,23159
region,London,E12000007,2022-03-28,11,23148
region,London,E12000007,2022-03-27,6,23137
region,London,E12000007,2022-03-26,8,23131
region,London,E12000007,2022-03-25,11,23123
region,London,E12000007,2022-03-24,8,23112
region,London,E12000007,2022-03-23,7,23104
region,London,E12000007,2022-03-22,11,23097
region,London,E12000007,2022-03-21,8,23086
region,London,E12000007,2022-03-20,12,23078
region,London,E12000007,2022-03-19,13,23066
region,London,E12000007,2022-03-18,12,23053
region,London,E12000007,2022-03-17,11,23041
region,London,E12000007,2022-03-16,14,23030
region,London,E12000007,2022-03-15,8,23016
region,London,E12000007,2022-03-14,10,23008
region,London,E12000007,2022-03-13,8,22998
region,London,E12000007,2022-03-12,16,22990
region,London,E12000007,2022-03-11,11,22974
region,London,E12000007,2022-03-10,6,22963
region,London,E12000007,2022-03-09,7,22957
region,London,E12000007,2022-03-08,11,22950
region,London,E12000007,2022-03-07,8,22939
region,London,E12000007,2022-03-06,8,22931
region,London,E12000007,2022-03-05,4,22923
region,London,E12000007,2022-03-04,7,22919
region,London,E12000007,2022-03-03,7,22912
region,London,E12000007,2022-03-02,9,22905
region,London,E12000007,2022-03-01,8,22896
region,London,E12000007,2022-02-28,3,22888
region,London,E12000007,2022-02-27,14,22885
region,London,E12000007,2022-02-26,6,22871
region,London,E12000007,2022-02-25,7,22865
region,London,E12000007,2022-02-24,8,22858
region,London,E12000007,2022-02-23,7,22850
region,London,E12000007,2022-02-22,9,22843
region,London,E12000007,2022-02-21,14,22834
region,London,E12000007,2022-02-20,11,22820
region,London,E12000007,2022-02-19,4,22809
region,London,E12000007,2022-02-18,9,22805
region,London,E12000007,2022-02-17,13,22796
region,London,E12000007,2022-02-16,10,22783
region,London,E12000007,2022-02-15,9,22773
region,London,E12000007,2022-02-14,16,22764
region,London,E12000007,2022-02-13,15,22748
region,London,E12000007,2022-02-12,8,22733
region,London,E12000007,2022-02-11,14,22725
region,London,E12000007,2022-02-10,10,22711
region,London,E12000007,2022-02-09,8,22701
region,London,E12000007,2022-02-08,9,22693
region,London,E12000007,2022-02-07,15,22684
region,London,E12000007,2022-02-06,9,22669
region,London,E12000007,2022-02-05,12,22660
region,London,E12000007,2022-02-04,21,22648
region,London,E12000007,2022-02-03,12,22627
region,London,E12000007,2022-02-02,19,22615
region,London,E12000007,2022-02-01,17,22596
region,London,E12000007,2022-01-31,13,22579
region,London,E12000007,2022-01-30,19,22566
region,London,E12000007,2022-01-29,20,22547
region,London,E12000007,2022-01-28,20,22527
region,London,E12000007,2022-01-27,16,22507
region,London,E12000007,2022-01-26,24,22491
region,London,E12000007,2022-01-25,21,22467
region,London,E12000007,2022-01-24,28,22446
region,London,E12000007,2022-01-23,20,22418
region,London,E12000007,2022-01-22,28,22398
region,London,E12000007,2022-01-21,34,22370
region,London,E12000007,2022-01-20,22,22336
region,London,E12000007,2022-01-19,20,22314
region,London,E12000007,2022-01-18,33,22294
region,London,E12000007,2022-01-17,25,22261
region,London,E12000007,2022-01-16,35,22236
region,London,E12000007,2022-01-15,38,22201
region,London,E12000007,2022-01-14,40,22163
region,London,E12000007,2022-01-13,38,22123
region,London,E12000007,2022-01-12,31,22085
region,London,E12000007,2022-01-11,40,22054
region,London,E12000007,2022-01-10,34,22014
region,London,E12000007,2022-01-09,35,21980
region,London,E12000007,2022-01-08,35,21945
region,London,E12000007,2022-01-07,32,21910
region,London,E12000007,2022-01-06,37,21878
region,London,E12000007,2022-01-05,24,21841
region,London,E12000007,2022-01-04,27,21817
region,London,E12000007,2022-01-03,30,21790
region,London,E12000007,2022-01-02,40,21760
region,London,E12000007,2022-01-01,33,21720
region,London,E12000007,2021-12-31,17,21687
region,London,E12000007,2021-12-30,34,21670
region,London,E12000007,2021-12-29,28,21636
region,London,E12000007,2021-12-28,25,21608
region,London,E12000007,2021-12-27,25,21583
region,London,E12000007,2021-12-26,23,21558
region,London,E12000007,2021-12-25,14,21535
region,London,E12000007,2021-12-24,24,21521
region,London,E12000007,2021-12-23,24,21497
region,London,E12000007,2021-12-22,20,21473
region,London,E12000007,2021-12-21,14,21453
region,London,E12000007,2021-12-20,11,21439
region,London,E12000007,2021-12-19,18,21428
region,London,E12000007,2021-12-18,16,21410
region,London,E12000007,2021-12-17,14,21394
region,London,E12000007,2021-12-16,12,21380
region,London,E12000007,2021-12-15,11,21368
region,London,E12000007,2021-12-14,20,21357
region,London,E12000007,2021-12-13,15,21337
region,London,E12000007,2021-12-12,23,21322
region,London,E12000007,2021-12-11,12,21299
region,London,E12000007,2021-12-10,19,21287
region,London,E12000007,2021-12-09,11,21268
region,London,E12000007,2021-12-08,12,21257
region,London,E12000007,2021-12-07,12,21245
region,London,E12000007,2021-12-06,19,21233
region,London,E12000007,2021-12-05,13,21214
region,London,E12000007,2021-12-04,15,21201
region,London,E12000007,2021-12-03,16,21186
region,London,E12000007,2021-12-02,9,21170
region,London,E12000007,2021-12-01,10,21161
region,London,E12000007,2021-11-30,18,21151
region,London,E12000007,2021-11-29,9,21133
region,London,E12000007,2021-11-28,13,21124
region,London,E12000007,2021-11-27,10,21111
region,London,E12000007,2021-11-26,9,21101
region,London,E12000007,2021-11-25,11,21092
region,London,E12000007,2021-11-24,14,21081
region,London,E12000007,2021-11-23,12,21067
region,London,E12000007,2021-11-22,12,21055
region,London,E12000007,2021-11-21,8,21043
region,London,E12000007,2021-11-20,12,21035
region,London,E12000007,2021-11-19,9,21023
region,London,E12000007,2021-11-18,6,21014
region,London,E12000007,2021-11-17,8,21008
region,London,E12000007,2021-11-16,10,21000
region,London,E12000007,2021-11-15,13,20990
region,London,E12000007,2021-11-14,9,20977
region,London,E12000007,2021-11-13,14,20968
region,London,E12000007,2021-11-12,8,20954
region,London,E12000007,2021-11-11,14,20946
region,London,E12000007,2021-11-10,18,20932
region,London,E12000007,2021-11-09,11,20914
region,London,E12000007,2021-11-08,18,20903
region,London,E12000007,2021-11-07,13,20885
region,London,E12000007,2021-11-06,17,20872
region,London,E12000007,2021-11-05,15,20855
region,London,E12000007,2021-11-04,11,20840
region,London,E12000007,2021-11-03,9,20829
region,London,E12000007,2021-11-02,15,20820
region,London,E12000007,2021-11-01,16,20805
region,London,E12000007,2021-10-31,11,20789
region,London,E12000007,2021-10-30,10,20778
region,London,E12000007,2021-10-29,9,20768
region,London,E12000007,2021-10-28,11,20759
region,London,E12000007,2021-10-27,19,20748
region,London,E12000007,2021-10-26,11,20729
region,London,E12000007,2021-10-25,13,20718
region,London,E12000007,2021-10-24,10,20705
region,London,E12000007,2021-10-23,8,20695
region,London,E12000007,2021-10-22,12,20687
region,London,E12000007,2021-10-21,12,20675
region,London,E12000007,2021-10-20,5,20663
region,London,E12000007,2021-10-19,11,20658
region,London,E12000007,2021-10-18,13,20647
region,London,E12000007,2021-10-17,15,20634
region,London,E12000007,2021-10-16,12,20619
region,London,E12000007,2021-10-15,6,20607
region,London,E12000007,2021-10-14,18,20601
region,London,E12000007,2021-10-13,6,20583
region,London,E12000007,2021-10-12,8,20577
region,London,E12000007,2021-10-11,12,20569
region,London,E12000007,2021-10-10,11,20557
region,London,E12000007,2021-10-09,15,20546
region,London,E12000007,2021-10-08,11,20531
region,London,E12000007,2021-10-07,10,20520
region,London,E12000007,2021-10-06,11,20510
region,London,E12000007,2021-10-05,14,20499
region,London,E12000007,2021-10-04,11,20485
region,London,E12000007,2021-10-03,7,20474
region,London,E12000007,2021-10-02,11,20467
region,London,E12000007,2021-10-01,16,20456
region,London,E12000007,2021-09-30,17,20440
region,London,E12000007,2021-09-29,15,20423
region,London,E12000007,2021-09-28,18,20408
region,London,E12000007,2021-09-27,19,20390
region,London,E12000007,2021-09-26,11,20371
region,London,E12000007,2021-09-25,10,20360
region,London,E12000007,2021-09-24,16,20350
region,London,E12000007,2021-09-23,18,20334
region,London,E12000007,2021-09-22,13,20316
region,London,E12000007,2021-09-21,10,20303
region,London,E12000007,2021-09-20,11,20293
region,London,E12000007,2021-09-19,8,20282
region,London,E12000007,2021-09-18,10,20274
region,London,E12000007,2021-09-17,9,20264
region,London,E12000007,2021-09-16,11,20255
region,London,E12000007,2021-09-15,17,20244
region,London,E12000007,2021-09-14,14,20227
region,London,E12000007,2021-09-13,5,20213
region,London,E12000007,2021-09-12,8,20208
region,London,E12000007,2021-09-11,13,20200
region,London,E12000007,2021-09-10,10,20187
region,London,E12000007,2021-09-09,21,20177
region,London,E12000007,2021-09-08,14,20156
region,London,E12000007,2021-09-07,13,20142
region,London,E12000007,2021-09-06,17,20129
region,London,E12000007,2021-09-05,14,20112
region,London,E12000007,2021-09-04,8,20098
region,London,E12000007,2021-09-03,23,20090
region,London,E12000007,2021-09-02,14,20067
region,London,E12000007,2021-09-01,12,20053
region,London,E12000007,2021-08-31,12,20041
region,London,E12000007,2021-08-30,9,20029
region,London,E12000007,2021-08-29,10,20020
region,London,E12000007,2021-08-28,17,20010
region,London,E12000007,2021-08-27,12,19993
region,London,E12000007,2021-08-26,16,19981
region,London,E12000007,2021-08-25,13,19965
region,London,E12000007,2021-08-24,11,19952
region,London,E12000007,2021-08-23,12,19941
region,London,E12000007,2021-08-22,12,19929
region,London,E12000007,2021-08-21,18,19917
region,London,E12000007,2021-08-20,22,19899
region,London,E12000007,2021-08-19,15,19877
region,London,E12000007,2021-08-18,9,19862
region,London,E12000007,2021-08-17,9,19853
region,London,E12000007,2021-08-16,10,19844
region,London,E12000007,2021-08-15,14,19834
region,London,E12000007,2021-08-14,13,19820
region,London,E12000007,2021-08-13,6,19807
region,London,E12000007,2021-08-12,16,19801
region,London,E12000007,2021-08-11,14,19785
region,London,E12000007,2021-08-10,11,19771
region,London,E12000007,2021-08-09,8,19760
region,London,E12000007,2021-08-08,10,19752
region,London,E12000007,2021-08-07,9,19742
region,London,E12000007,2021-08-06,9,19733
region,London,E12000007,2021-08-05,15,19724
region,London,E12000007,2021-08-04,17,19709
region,London,E12000007,2021-08-03,7,19692
region,London,E12000007,2021-08-02,10,19685
region,London,E12000007,2021-08-01,11,19675
region,London,E12000007,2021-07-31,8,19664
region,London,E12000007,2021-07-30,13,19656
region,London,E12000007,2021-07-29,12,19643
region,London,E12000007,2021-07-28,10,19631
region,London,E12000007,2021-07-27,4,19621
region,London,E12000007,2021-07-26,9,19617
region,London,E12000007,2021-07-25,6,19608
region,London,E12000007,2021-07-24,7,19602
region,London,E12000007,2021-07-23,10,19595
region,London,E12000007,2021-07-22,6,19585
region,London,E12000007,2021-07-21,7,19579
region,London,E12000007,2021-07-20,9,19572
region,London,E12000007,2021-07-19,9,19563
region,London,E12000007,2021-07-18,8,19554
region,London,E12000007,2021-07-17,7,19546
region,London,E12000007,2021-07-16,4,19539
region,London,E12000007,2021-07-15,2,19535
region,London,E12000007,2021-07-14,5,19533
region,London,E12000007,2021-07-13,4,19528
region,London,E12000007,2021-07-12,3,19524
region,London,E12000007,2021-07-11,1,19521
region,London,E12000007,2021-07-10,4,19520
region,London,E12000007,2021-07-09,2,19516
region,London,E12000007,2021-07-08,2,19514
region,London,E12000007,2021-07-07,3,19512
region,London,E12000007,2021-07-06,3,19509
region,London,E12000007,2021-07-05,2,19506
region,London,E12000007,2021-07-04,1,19504
region,London,E12000007,2021-07-03,5,19503
region,London,E12000007,2021-07-02,1,19498
region,London,E12000007,2021-07-01,4,19497
region,London,E12000007,2021-06-30,5,19493
region,London,E12000007,2021-06-29,2,19488
region,London,E12000007,2021-06-28,2,19486
region,London,E12000007,2021-06-27,3,19484
region,London,E12000007,2021-06-26,0,19481
region,London,E12000007,2021-06-25,4,19481
region,London,E12000007,2021-06-24,3,19477
region,London,E12000007,2021-06-23,0,19474
region,London,E12000007,2021-06-22,1,19474
region,London,E12000007,2021-06-21,0,19473
region,London,E12000007,2021-06-20,1,19473
region,London,E12000007,2021-06-19,2,19472
region,London,E12000007,2021-06-18,4,19470
region,London,E12000007,2021-06-17,2,19466
region,London,E12000007,2021-06-16,2,19464
region,London,E12000007,2021-06-15,2,19462
region,London,E12000007,2021-06-14,0,19460
region,London,E12000007,2021-06-13,3,19460
region,London,E12000007,2021-06-12,5,19457
region,London,E12000007,2021-06-11,0,19452
region,London,E12000007,2021-06-10,1,19452
region,London,E12000007,2021-06-09,5,19451
region,London,E12000007,2021-06-08,2,19446
region,London,E12000007,2021-06-07,1,19444
region,London,E12000007,2021-06-06,4,19443
region,London,E12000007,2021-06-05,1,19439
region,London,E12000007,2021-06-04,2,19438
region,London,E12000007,2021-06-03,1,19436
region,London,E12000007,2021-06-02,1,19435
region,London,E12000007,2021-06-01,0,19434
region,London,E12000007,2021-05-31,1,19434
region,London,E12000007,2021-05-30,1,19433
region,London,E12000007,2021-05-29,3,19432
region,London,E12000007,2021-05-28,2,19429
region,London,E12000007,2021-05-27,2,19427
region,London,E12000007,2021-05-26,4,19425
region,London,E12000007,2021-05-25,0,19421
region,London,E12000007,2021-05-24,3,19421
region,London,E12000007,2021-05-23,3,19418
region,London,E12000007,2021-05-22,1,19415
region,London,E12000007,2021-05-21,4,19414
region,London,E12000007,2021-05-20,3,19410
region,London,E12000007,2021-05-19,0,19407
region,London,E12000007,2021-05-18,0,19407
region,London,E12000007,2021-05-17,0,19407
region,London,E12000007,2021-05-16,2,19407
region,London,E12000007,2021-05-15,1,19405
region,London,E12000007,2021-05-14,1,19404
region,London,E12000007,2021-05-13,1,19403
region,London,E12000007,2021-05-12,1,19402
region,London,E12000007,2021-05-11,0,19401
region,London,E12000007,2021-05-10,3,19401
region,London,E12000007,2021-05-09,1,19398
region,London,E12000007,2021-05-08,1,19397
region,London,E12000007,2021-05-07,3,19396
region,London,E12000007,2021-05-06,1,19393
region,London,E12000007,2021-05-05,5,19392
region,London,E12000007,2021-05-04,1,19387
region,London,E12000007,2021-05-03,2,19386
region,London,E12000007,2021-05-02,2,19384
region,London,E12000007,2021-05-01,4,19382
region,London,E12000007,2021-04-30,3,19378
region,London,E12000007,2021-04-29,1,19375
region,London,E12000007,2021-04-28,5,19374
region,London,E12000007,2021-04-27,2,19369
region,London,E12000007,2021-04-26,0,19367
region,London,E12000007,2021-04-25,3,19367
region,London,E12000007,2021-04-24,1,19364
region,London,E12000007,2021-04-23,1,19363
region,London,E12000007,2021-04-22,2,19362
region,London,E12000007,2021-04-21,1,19360
region,London,E12000007,2021-04-20,2,19359
region,London,E12000007,2021-04-19,4,19357
region,London,E12000007,2021-04-18,3,19353
region,London,E12000007,2021-04-17,2,19350
region,London,E12000007,2021-04-16,3,19348
region,London,E12000007,2021-04-15,8,19345
region,London,E12000007,2021-04-14,2,19337
region,London,E12000007,2021-04-13,4,19335
region,London,E12000007,2021-04-12,3,19331
region,London,E12000007,2021-04-11,4,19328
region,London,E12000007,2021-04-10,8,19324
region,London,E12000007,2021-04-09,5,19316
region,London,E12000007,2021-04-08,8,19311
region,London,E12000007,2021-04-07,2,19303
region,London,E12000007,2021-04-06,1,19301
region,London,E12000007,2021-04-05,6,19300
region,London,E12000007,2021-04-04,4,19294
region,London,E12000007,2021-04-03,8,19290
region,London,E12000007,2021-04-02,3,19282
region,London,E12000007,2021-04-01,6,19279
region,London,E12000007,2021-03-31,8,19273
region,London,E12000007,2021-03-30,5,19265
region,London,E12000007,2021-03-29,2,19260
region,London,E12000007,2021-03-28,9,19258
region,London,E12000007,2021-03-27,11,19249
region,London,E12000007,2021-03-26,2,19238
region,London,E12000007,2021-03-25,6,19236
region,London,E12000007,2021-03-24,11,19230
region,London,E12000007,2021-03-23,5,19219
region,London,E12000007,2021-03-22,10,19214
region,London,E12000007,2021-03-21,16,19204
region,London,E12000007,2021-03-20,7,19188
region,London,E12000007,2021-03-19,7,19181
region,London,E12000007,2021-03-18,9,19174
region,London,E12000007,2021-03-17,13,19165
region,London,E12000007,2021-03-16,9,19152
region,London,E12000007,2021-03-15,14,19143
region,London,E12000007,2021-03-14,10,19129
region,London,E12000007,2021-03-13,16,19119
region,London,E12000007,2021-03-12,5,19103
region,London,E12000007,2021-03-11,20,19098
region,London,E12000007,2021-03-10,14,19078
region,London,E12000007,2021-03-09,16,19064
region,London,E12000007,2021-03-08,15,19048
region,London,E12000007,2021-03-07,22,19033
region,London,E12000007,2021-03-06,24,19011
region,London,E12000007,2021-03-05,27,18987
region,London,E12000007,2021-03-04,21,18960
region,London,E12000007,2021-03-03,17,18939
region,London,E12000007,2021-03-02,27,18922
region,London,E12000007,2021-03-01,34,18895
region,London,E12000007,2021-02-28,25,18861
region,London,E12000007,2021-02-27,25,18836
region,London,E12000007,2021-02-26,30,18811
region,London,E12000007,2021-02-25,28,18781
region,London,E12000007,2021-02-24,34,18753
region,London,E12000007,2021-02-23,35,18719
region,London,E12000007,2021-02-22,47,18684
region,London,E12000007,2021-02-21,53,18637
region,London,E12000007,2021-02-20,36,18584
region,London,E12000007,2021-02-19,53,18548
region,London,E12000007,2021-02-18,61,18495
region,London,E12000007,2021-02-17,59,18434
region,London,E12000007,2021-02-16,62,18375
region,London,E12000007,2021-02-15,55,18313
region,London,E12000007,2021-02-14,59,18258
region,London,E12000007,2021-02-13,63,18199
region,London,E12000007,2021-02-12,62,18136
region,London,E12000007,2021-02-11,64,18074
region,London,E12000007,2021-02-10,78,18010
region,London,E12000007,2021-02-09,68,17932
region,London,E12000007,2021-02-08,86,17864
region,London,E12000007,2021-02-07,84,17778
region,London,E12000007,2021-02-06,89,17694
region,London,E12000007,2021-02-05,107,17605
region,London,E12000007,2021-02-04,82,17498
region,London,E12000007,2021-02-03,124,17416
region,London,E12000007,2021-02-02,122,17292
region,London,E12000007,2021-02-01,114,17170
region,London,E12000007,2021-01-31,115,17056
region,London,E12000007,2021-01-30,108,16941
region,London,E12000007,2021-01-29,139,16833
region,London,E12000007,2021-01-28,136,16694
region,London,E12000007,2021-01-27,151,16558
region,London,E12000007,2021-01-26,145,16407
region,London,E12000007,2021-01-25,169,16262
region,London,E12000007,2021-01-24,161,16093
region,London,E12000007,2021-01-23,174,15932
region,London,E12000007,2021-01-22,176,15758
region,London,E12000007,2021-01-21,200,15582
region,London,E12000007,2021-01-20,194,15382
region,London,E12000007,2021-01-19,228,15188
region,London,E12000007,2021-01-18,223,14960
region,London,E12000007,2021-01-17,212,14737
region,London,E12000007,2021-01-16,212,14525
region,London,E12000007,2021-01-15,190,14313
region,London,E12000007,2021-01-14,215,14123
region,London,E12000007,2021-01-13,219,13908
region,London,E12000007,2021-01-12,211,13689
region,London,E12000007,2021-01-11,198,13478
region,London,E12000007,2021-01-10,201,13280
region,London,E12000007,2021-01-09,183,13079
region,London,E12000007,2021-01-08,189,12896
region,London,E12000007,2021-01-07,194,12707
region,London,E12000007,2021-01-06,175,12513
region,London,E12000007,2021-01-05,190,12338
region,London,E12000007,2021-01-04,178,12148
region,London,E12000007,2021-01-03,145,11970
region,London,E12000007,2021-01-02,165,11825
region,London,E12000007,2021-01-01,144,11660
region,London,E12000007,2020-12-31,143,11516
region,London,E12000007,2020-12-30,136,11373
region,London,E12000007,2020-12-29,111,11237
region,London,E12000007,2020-12-28,112,11126
region,London,E12000007,2020-12-27,106,11014
region,London,E12000007,2020-12-26,97,10908
region,London,E12000007,2020-12-25,93,10811
region,London,E12000007,2020-12-24,68,10718
region,London,E12000007,2020-12-23,76,10650
region,London,E12000007,2020-12-22,89,10574
region,London,E12000007,2020-12-21,59,10485
region,London,E12000007,2020-12-20,51,10426
region,London,E12000007,2020-12-19,48,10375
region,London,E12000007,2020-12-18,53,10327
region,London,E12000007,2020-12-17,60,10274
region,London,E12000007,2020-12-16,35,10214
region,London,E12000007,2020-12-15,46,10179
region,London,E12000007,2020-12-14,39,10133
region,London,E12000007,2020-12-13,32,10094
region,London,E12000007,2020-12-12,46,10062
region,London,E12000007,2020-12-11,29,10016
region,London,E12000007,2020-12-10,32,9987
region,London,E12000007,2020-12-09,31,9955
region,London,E12000007,2020-12-08,39,9924
region,London,E12000007,2020-12-07,37,9885
region,London,E12000007,2020-12-06,29,9848
region,London,E12000007,2020-12-05,30,9819
region,London,E12000007,2020-12-04,32,9789
region,London,E12000007,2020-12-03,33,9757
region,London,E12000007,2020-12-02,29,9724
region,London,E12000007,2020-12-01,21,9695
region,London,E12000007,2020-11-30,27,9674
region,London,E12000007,2020-11-29,52,9647
region,London,E12000007,2020-11-28,29,9595
region,London,E12000007,2020-11-27,27,9566
region,London,E12000007,2020-11-26,28,9539
region,London,E12000007,2020-11-25,37,9511
region,London,E12000007,2020-11-24,32,9474
region,London,E12000007,2020-11-23,21,9442
region,London,E12000007,2020-11-22,35,9421
region,London,E12000007,2020-11-21,22,9386
region,London,E12000007,2020-11-20,28,9364
region,London,E12000007,2020-11-19,27,9336
region,London,E12000007,2020-11-18,22,9309
region,London,E12000007,2020-11-17,33,9287
region,London,E12000007,2020-11-16,33,9254
region,London,E12000007,2020-11-15,18,9221
region,London,E12000007,2020-11-14,19,9203
region,London,E12000007,2020-11-13,14,9184
region,London,E12000007,2020-11-12,22,9170
region,London,E12000007,2020-11-11,12,9148
region,London,E12000007,2020-11-10,15,9136
region,London,E12000007,2020-11-09,24,9121
region,London,E12000007,2020-11-08,21,9097
region,London,E12000007,2020-11-07,24,9076
region,London,E12000007,2020-11-06,13,9052
region,London,E12000007,2020-11-05,19,9039
region,London,E12000007,2020-11-04,15,9020
region,London,E12000007,2020-11-03,15,9005
region,London,E12000007,2020-11-02,20,8990
region,London,E12000007,2020-11-01,18,8970
region,London,E12000007,2020-10-31,7,8952
region,London,E12000007,2020-10-30,13,8945
region,London,E12000007,2020-10-29,15,8932
region,London,E12000007,2020-10-28,19,8917
region,London,E12000007,2020-10-27,14,8898
region,London,E12000007,2020-10-26,11,8884
region,London,E12000007,2020-10-25,10,8873
region,London,E12000007,2020-10-24,18,8863
region,London,E12000007,2020-10-23,5,8845
region,London,E12000007,2020-10-22,11,8840
region,London,E12000007,2020-10-21,13,8829
region,London,E12000007,2020-10-20,7,8816
region,London,E12000007,2020-10-19,9,8809
region,London,E12000007,2020-10-18,6,8800
region,London,E12000007,2020-10-17,4,8794
region,London,E12000007,2020-10-16,7,8790
region,London,E12000007,2020-10-15,13,8783
region,London,E12000007,2020-10-14,7,8770
region,London,E12000007,2020-10-13,4,8763
region,London,E12000007,2020-10-12,4,8759
region,London,E12000007,2020-10-11,4,8755
region,London,E12000007,2020-10-10,4,8751
region,London,E12000007,2020-10-09,9,8747
region,London,E12000007,2020-10-08,6,8738
region,London,E12000007,2020-10-07,7,8732
region,London,E12000007,2020-10-06,5,8725
region,London,E12000007,2020-10-05,9,8720
region,London,E12000007,2020-10-04,2,8711
region,London,E12000007,2020-10-03,4,8709
region,London,E12000007,2020-10-02,2,8705
region,London,E12000007,2020-10-01,5,8703
region,London,E12000007,2020-09-30,7,8698
region,London,E12000007,2020-09-29,8,8691
region,London,E12000007,2020-09-28,6,8683
region,London,E12000007,2020-09-27,2,8677
region,London,E12000007,2020-09-26,2,8675
region,London,E12000007,2020-09-25,1,8673
region,London,E12000007,2020-09-24,2,8672
region,London,E12000007,2020-09-23,8,8670
region,London,E12000007,2020-09-22,5,8662
region,London,E12000007,2020-09-21,3,8657
region,London,E12000007,2020-09-20,4,8654
region,London,E12000007,2020-09-19,6,8650
region,London,E12000007,2020-09-18,2,8644
region,London,E12000007,2020-09-17,5,8642
region,London,E12000007,2020-09-16,1,8637
region,London,E12000007,2020-09-15,4,8636
region,London,E12000007,2020-09-14,0,8632
region,London,E12000007,2020-09-13,0,8632
region,London,E12000007,2020-09-12,0,8632
region,London,E12000007,2020-09-11,3,8632
region,London,E12000007,2020-09-10,3,8629
region,London,E12000007,2020-09-09,1,8626
region,London,E12000007,2020-09-08,1,8625
region,London,E12000007,2020-09-07,0,8624
region,London,E12000007,2020-09-06,2,8624
region,London,E12000007,2020-09-05,0,8622
region,London,E12000007,2020-09-04,0,8622
region,London,E12000007,2020-09-03,1,8622
region,London,E12000007,2020-09-02,0,8621
region,London,E12000007,2020-09-01,1,8621
region,London,E12000007,2020-08-31,1,8620
region,London,E12000007,2020-08-30,0,8619
region,London,E12000007,2020-08-29,1,8619
region,London,E12000007,2020-08-28,0,8618
region,London,E12000007,2020-08-27,0,8618
region,London,E12000007,2020-08-26,1,8618
region,London,E12000007,2020-08-25,1,8617
region,London,E12000007,2020-08-24,0,8616
region,London,E12000007,2020-08-23,0,8616
region,London,E12000007,2020-08-22,1,8616
region,London,E12000007,2020-08-21,0,8615
region,London,E12000007,2020-08-20,2,8615
region,London,E12000007,2020-08-19,0,8613
region,London,E12000007,2020-08-18,1,8613
region,London,E12000007,2020-08-17,1,8612
region,London,E12000007,2020-08-16,0,8611
region,London,E12000007,2020-08-15,0,8611
region,London,E12000007,2020-08-14,2,8611
region,London,E12000007,2020-08-13,3,8609
region,London,E12000007,2020-08-12,1,8606
region,London,E12000007,2020-08-11,2,8605
region,London,E12000007,2020-08-10,2,8603
region,London,E12000007,2020-08-09,1,8601
region,London,E12000007,2020-08-08,3,8600
region,London,E12000007,2020-08-07,0,8597
region,London,E12000007,2020-08-06,3,8597
region,London,E12000007,2020-08-05,0,8594
region,London,E12000007,2020-08-04,1,8594
region,London,E12000007,2020-08-03,0,8593
region,London,E12000007,2020-08-02,3,8593
region,London,E12000007,2020-08-01,2,8590
region,London,E12000007,2020-07-31,2,8588
region,London,E12000007,2020-07-30,0,8586
region,London,E12000007,2020-07-29,1,8586
region,London,E12000007,2020-07-28,2,8585
region,London,E12000007,2020-07-27,1,8583
region,London,E12000007,2020-07-26,2,8582
region,London,E12000007,2020-07-25,1,8580
region,London,E12000007,2020-07-24,3,8579
region,London,E12000007,2020-07-23,5,8576
region,London,E12000007,2020-07-22,4,8571
region,London,E12000007,2020-07-21,3,8567
region,London,E12000007,2020-07-20,1,8564
region,London,E12000007,2020-07-19,1,8563
region,London,E12000007,2020-07-18,1,8562
region,London,E12000007,2020-07-17,4,8561
region,London,E12000007,2020-07-16,1,8557
region,London,E12000007,2020-07-15,1,8556
region,London,E12000007,2020-07-14,3,8555
region,London,E12000007,2020-07-13,3,8552
region,London,E12000007,2020-07-12,1,8549
region,London,E12000007,2020-07-11,4,8548
region,London,E12000007,2020-07-10,2,8544
region,London,E12000007,2020-07-09,3,8542
region,London,E12000007,2020-07-08,3,8539
region,London,E12000007,2020-07-07,1,8536
region,London,E12000007,2020-07-06,4,8535
region,London,E12000007,2020-07-05,4,8531
region,London,E12000007,2020-07-04,2,8527
region,London,E12000007,2020-07-03,2,8525
region,London,E12000007,2020-07-02,3,8523
region,London,E12000007,2020-07-01,5,8520
region,London,E12000007,2020-06-30,4,8515
region,London,E12000007,2020-06-29,4,8511
region,London,E12000007,2020-06-28,4,8507
region,London,E12000007,2020-06-27,0,8503
region,London,E12000007,2020-06-26,6,8503
region,London,E12000007,2020-06-25,5,8497
region,London,E12000007,2020-06-24,8,8492
region,London,E12000007,2020-06-23,5,8484
region,London,E12000007,2020-06-22,5,8479
region,London,E12000007,2020-06-21,1,8474
region,London,E12000007,2020-06-20,4,8473
region,London,E12000007,2020-06-19,11,8469
region,London,E12000007,2020-06-18,0,8458
region,London,E12000007,2020-06-17,3,8458
region,London,E12000007,2020-06-16,4,8455
region,London,E12000007,2020-06-15,4,8451
region,London,E12000007,2020-06-14,9,8447
region,London,E12000007,2020-06-13,6,8438
region,London,E12000007,2020-06-12,10,8432
region,London,E12000007,2020-06-11,6,8422
region,London,E12000007,2020-06-10,7,8416
region,London,E12000007,2020-06-09,8,8409
region,London,E12000007,2020-06-08,9,8401
region,London,E12000007,2020-06-07,7,8392
region,London,E12000007,2020-06-06,3,8385
region,London,E12000007,2020-06-05,7,8382
region,London,E12000007,2020-06-04,11,8375
region,London,E12000007,2020-06-03,6,8364
region,London,E12000007,2020-06-02,15,8358
region,London,E12000007,2020-06-01,13,8343
region,London,E12000007,2020-05-31,12,8330
region,London,E12000007,2020-05-30,17,8318
region,London,E12000007,2020-05-29,11,8301
region,London,E12000007,2020-05-28,10,8290
region,London,E12000007,2020-05-27,14,8280
region,London,E12000007,2020-05-26,23,8266
region,London,E12000007,2020-05-25,14,8243
region,London,E12000007,2020-05-24,15,8229
region,London,E12000007,2020-05-23,13,8214
region,London,E12000007,2020-05-22,17,8201
region,London,E12000007,2020-05-21,22,8184
region,London,E12000007,2020-05-20,22,8162
region,London,E12000007,2020-05-19,27,8140
region,London,E12000007,2020-05-18,24,8113
region,London,E12000007,2020-05-17,22,8089
region,London,E12000007,2020-05-16,23,8067
region,London,E12000007,2020-05-15,26,8044
region,London,E12000007,2020-05-14,33,8018
region,London,E12000007,2020-05-13,25,7985
region,London,E12000007,2020-05-12,30,7960
region,London,E12000007,2020-05-11,45,7930
region,London,E12000007,2020-05-10,41,7885
region,London,E12000007,2020-05-09,30,7844
region,London,E12000007,2020-05-08,47,7814
region,London,E12000007,2020-05-07,53,7767
region,London,E12000007,2020-05-06,58,7714
region,London,E12000007,2020-05-05,52,7656
region,London,E12000007,2020-05-04,53,7604
region,London,E12000007,2020-05-03,58,7551
region,London,E12000007,2020-05-02,78,7493
region,London,E12000007,2020-05-01,60,7415
region,London,E12000007,2020-04-30,78,7355
region,London,E12000007,2020-04-29,76,7277
region,London,E12000007,2020-04-28,80,7201
region,London,E12000007,2020-04-27,74,7121
region,London,E12000007,2020-04-26,84,7047
region,London,E12000007,2020-04-25,79,6963
region,London,E12000007,2020-04-24,121,6884
region,London,E12000007,2020-04-23,120,6763
region,London,E12000007,2020-04-22,135,6643
region,London,E12000007,2020-04-21,142,6508
region,London,E12000007,2020-04-20,145,6366
region,London,E12000007,2020-04-19,156,6221
region,London,E12000007,2020-04-18,167,6065
region,London,E12000007,2020-04-17,170,5898
region,London,E12000007,2020-04-16,202,5728
region,London,E12000007,2020-04-15,203,5526
region,London,E12000007,2020-04-14,212,5323
region,London,E12000007,2020-04-13,228,5111
region,London,E12000007,2020-04-12,237,4883
region,London,E12000007,2020-04-11,249,4646
region,London,E12000007,2020-04-10,241,4397
region,London,E12000007,2020-04-09,275,4156
region,London,E12000007,2020-04-08,327,3881
region,London,E12000007,2020-04-07,295,3554
region,London,E12000007,2020-04-06,273,3259
region,London,E12000007,2020-04-05,273,2986
region,London,E12000007,2020-04-04,287,2713
region,London,E12000007,2020-04-03,267,2426
region,London,E12000007,2020-04-02,255,2159
region,London,E12000007,2020-04-01,237,1904
region,London,E12000007,2020-03-31,239,1667
region,London,E12000007,2020-03-30,196,1428
region,London,E12000007,2020-03-29,175,1232
region,London,E12000007,2020-03-28,148,1057
region,London,E12000007,2020-03-27,155,909
region,London,E12000007,2020-03-26,146,754
region,London,E12000007,2020-03-25,135,608
region,London,E12000007,2020-03-24,98,473
region,London,E12000007,2020-03-23,69,375
region,London,E12000007,2020-03-22,63,306
region,London,E12000007,2020-03-21,56,243
region,London,E12000007,2020-03-20,50,187
region,London,E12000007,2020-03-19,31,137
region,London,E12000007,2020-03-18,28,106
region,London,E12000007,2020-03-17,26,78
region,London,E12000007,2020-03-16,15,52
region,London,E12000007,2020-03-15,8,37
region,London,E12000007,2020-03-14,10,29
region,London,E12000007,2020-03-13,6,19
region,London,E12000007,2020-03-12,6,13
region,London,E12000007,2020-03-11,2,7
region,London,E12000007,2020-03-10,1,5
region,London,E12000007,2020-03-09,2,4
region,London,E12000007,2020-03-08,0,2
region,London,E12000007,2020-03-07,0,2
region,London,E12000007,2020-03-06,1,2
region,London,E12000007,2020-03-05,0,1
region,London,E12000007,2020-03-04,1,1
