areaType,areaName,areaCode,date,cumVaccinationFirstDoseUptakeByPublishDatePercentage,cumVaccinationSecondDoseUptakeByPublishDatePercentage,cumVaccinationThirdInjectionUptakeByPublishDatePercentage
nation,Wales,W92000004,2023-03-29,94.2,90.0,75.6
nation,Wales,W92000004,2023-03-28,94.2,90.0,75.5
nation,Wales,W92000004,2023-03-27,94.2,90.0,75.5
nation,Wales,W92000004,2023-03-26,94.2,90.0,75.5
nation,Wales,W92000004,2023-03-25,94.2,90.0,75.5
nation,Wales,W92000004,2023-03-24,94.2,90.0,75.5
nation,Wales,W92000004,2023-03-23,94.2,90.0,75.5
nation,Wales,W92000004,2023-03-22,94.2,90.0,75.5
nation,Wales,W92000004,2023-03-21,94.2,90.0,75.5
nation,Wales,W92000004,2023-03-20,94.2,90.0,75.5
nation,Wales,W92000004,2023-03-19,94.2,90.0,75.5
nation,Wales,W92000004,2023-03-18,94.2,90.0,75.5
nation,Wales,W92000004,2023-03-17,94.2,90.0,75.5
nation,Wales,W92000004,2023-03-16,94.2,90.0,75.5
nation,Wales,W92000004,2023-03-15,94.2,90.0,75.5
nation,Wales,W92000004,2023-03-14,94.2,90.0,75.5
nation,Wales,W92000004,2023-03-13,94.2,90.0,75.5
nation,Wales,W92000004,2023-03-12,94.2,90.0,75.5
nation,Wales,W92000004,2023-03-11,94.2,90.0,75.5
nation,Wales,W92000004,2023-03-10,94.2,90.0,75.5
nation,Wales,W92000004,2023-03-09,94.2,90.0,75.5
nation,Wales,W92000004,2023-03-08,94.2,90.0,75.5
nation,Wales,W92000004,2023-03-07,94.2,90.0,75.5
nation,Wales,W92000004,2023-03-06,94.2,90.0,75.5
nation,Wales,W92000004,2023-03-05,94.2,90.0,75.5
nation,Wales,W92000004,2023-03-04,94.2,90.0,75.5
nation,Wales,W92000004,2023-03-03,94.2,90.0,75.5
nation,Wales,W92000004,2023-03-02,94.2,90.0,75.5
nation,Wales,W92000004,2023-03-01,94.2,90.0,75.5
nation,Wales,W92000004,2023-02-28,94.2,90.0,75.5
nation,Wales,W92000004,2023-02-27,94.2,90.0,75.5
nation,Wales,W92000004,2023-02-26,94.2,90.0,75.5
nation,Wales,W92000004,2023-02-25,94.2,90.0,75.5
nation,Wales,W92000004,2023-02-24,94.2,90.0,75.5
nation,Wales,W92000004,2023-02-23,94.2,90.0,75.5
nation,Wales,W92000004,2023-02-22,94.2,90.0,75.5
nation,Wales,W92000004,2023-02-21,94.2,90.0,75.5
nation,Wales,W92000004,2023-02-20,94.2,90.0,75.5
nation,Wales,W92000004,2023-02-19,94.2,90.0,75.5
nation,Wales,W92000004,2023-02-18,94.2,90.0,75.5
nation,Wales,W92000004,2023-02-17,94.2,90.0,75.5
nation,Wales,W92000004,2023-02-16,94.2,90.0,75.5
nation,Wales,W92000004,2023-02-15,94.2,90.0,75.5
nation,Wales,W92000004,2023-02-14,94.2,89.9,75.5
nation,Wales,W92000004,2023-02-13,94.2,89.9,75.5
nation,Wales,W92000004,2023-02-12,94.2,89.9,75.5
nation,Wales,W92000004,2023-02-11,94.2,89.9,75.5
nation,Wales,W92000004,2023-02-10,94.2,89.9,75.5
nation,Wales,W92000004,2023-02-09,94.2,89.9,75.5
nation,Wales,W92000004,2023-02-08,94.2,89.9,75.5
nation,Wales,W92000004,2023-02-07,94.2,89.9,75.5
nation,Wales,W92000004,2023-02-06,94.2,89.9,75.5
nation,Wales,W92000004,2023-02-05,94.2,89.9,75.5
nation,Wales,W92000004,2023-02-04,94.2,89.9,75.5
nation,Wales,W92000004,2023-02-03,94.2,89.9,75.5
nation,Wales,W92000004,2023-02-02,94.2,89.9,75.5
nation,Wales,W92000004,2023-02-01,94.2,89.9,75.5
nation,Wales,W92000004,2023-01-31,94.2,89.9,75.5
nation,Wales,W92000004,2023-01-30,94.2,89.9,75.5
nation,Wales,W92000004,2023-01-29,94.2,89.9,75.5
nation,Wales,W92000004,2023-01-28,94.2,89.9,75.5
nation,Wales,W92000004,2023-01-27,94.2,89.9,75.5
nation,Wales,W92000004,2023-01-26,94.2,89.9,75.5
nation,Wales,W92000004,2023-01-25,94.2,89.9,75.5
nation,Wales,W92000004,2023-01-24,94.2,89.9,75.5
nation,Wales,W92000004,2023-01-23,94.2,89.9,75.5
nation,Wales,W92000004,2023-01-22,94.2,89.9,75.5
nation,Wales,W92000004,2023-01-21,94.2,89.9,75.5
nation,Wales,W92000004,2023-01-20,94.2,89.9,75.5
nation,Wales,W92000004,2023-01-19,94.2,89.9,75.5
nation,Wales,W92000004,2023-01-18,94.2,89.9,75.4
nation,Wales,W92000004,2023-01-17,94.2,89.9,75.4
nation,Wales,W92000004,2023-01-16,94.2,89.9,75.4
nation,Wales,W92000004,2023-01-15,94.2,89.9,75.4
nation,Wales,W92000004,2023-01-14,94.2,89.9,75.4
nation,Wales,W92000004,2023-01-13,94.2,89.9,75.4
nation,Wales,W92000004,2023-01-12,94.2,89.9,75.4
nation,Wales,W92000004,2023-01-11,94.2,89.9,75.4
nation,Wales,W92000004,2023-01-10,94.2,89.9,75.4
nation,Wales,W92000004,2023-01-09,94.2,89.9,75.4
nation,Wales,W92000004,2023-01-08,94.2,89.9,75.4
nation,Wales,W92000004,2023-01-07,94.2,89.8,75.4
nation,Wales,W92000004,2023-01-06,94.2,89.8,75.4
nation,Wales,W92000004,2023-01-05,94.2,89.8,75.4
nation,Wales,W92000004,2023-01-04,94.2,89.8,75.4
nation,Wales,W92000004,2023-01-03,94.2,89.8,75.4
nation,Wales,W92000004,2023-01-02,94.2,89.8,75.4
nation,Wales,W92000004,2023-01-01,94.2,89.8,75.4
nation,Wales,W92000004,2022-12-31,94.2,89.8,75.4
nation,Wales,W92000004,2022-12-30,94.2,89.8,75.4
nation,Wales,W92000004,2022-12-29,94.2,89.8,75.4
nation,Wales,W92000004,2022-12-28,94.2,89.8,75.4
nation,Wales,W92000004,2022-12-27,94.2,89.8,75.4
nation,Wales,W92000004,2022-12-26,94.2,89.8,75.4
nation,Wales,W92000004,2022-12-25,94.2,89.8,75.4
nation,Wales,W92000004,2022-12-24,94.2,89.8,75.4
nation,Wales,W92000004,2022-12-23,94.2,89.8,75.4
nation,Wales,W92000004,2022-12-22,94.2,89.8,75.4
nation,Wales,W92000004,2022-12-21,94.2,89.8,75.4
nation,Wales,W92000004,2022-12-20,94.2,89.8,75.4
nation,Wales,W92000004,2022-12-19,94.2,89.8,75.4
nation,Wales,W92000004,2022-12-18,94.2,89.8,75.4
nation,Wales,W92000004,2022-12-17,94.2,89.8,75.4
nation,Wales,W92000004,2022-12-16,94.2,89.8,75.4
nation,Wales,W92000004,2022-12-15,94.2,89.8,75.4
nation,Wales,W92000004,2022-12-14,94.2,89.8,75.4
nation,Wales,W92000004,2022-12-13,94.2,89.8,75.4
nation,Wales,W92000004,2022-12-12,94.2,89.8,75.4
nation,Wales,W92000004,2022-12-11,94.2,89.8,75.4
nation,Wales,W92000004,2022-12-10,94.2,89.8,75.4
nation,Wales,W92000004,2022-12-09,94.2,89.8,75.4
nation,Wales,W92000004,2022-12-08,94.2,89.8,75.4
nation,Wales,W92000004,2022-12-07,94.2,89.8,75.4
nation,Wales,W92000004,2022-12-06,94.2,89.8,75.4
nation,Wales,W92000004,2022-12-05,94.2,89.8,75.4
nation,Wales,W92000004,2022-12-04,94.2,89.8,75.4
nation,Wales,W92000004,2022-12-03,94.2,89.8,75.4
nation,Wales,W92000004,2022-12-02,94.2,89.8,75.4
nation,Wales,W92000004,2022-12-01,94.2,89.8,75.4
nation,Wales,W92000004,2022-11-30,94.2,89.8,75.4
nation,Wales,W92000004,2022-11-29,94.2,89.8,75.4
nation,Wales,W92000004,2022-11-28,94.2,89.8,75.4
nation,Wales,W92000004,2022-11-27,94.2,89.8,75.4
nation,Wales,W92000004,2022-11-26,94.2,89.8,75.4
nation,Wales,W92000004,2022-11-25,94.2,89.7,75.4
nation,Wales,W92000004,2022-11-24,94.2,89.7,75.4
nation,Wales,W92000004,2022-11-23,94.2,89.7,75.7
nation,Wales,W92000004,2022-11-22,94.2,89.7,75.7
nation,Wales,W92000004,2022-11-21,94.2,89.7,75.7
nation,Wales,W92000004,2022-11-20,94.2,89.7,75.7
nation,Wales,W92000004,2022-11-19,94.2,89.7,75.7
nation,Wales,W92000004,2022-11-18,94.1,89.7,75.7
nation,Wales,W92000004,2022-11-17,94.1,89.7,75.7
nation,Wales,W92000004,2022-11-16,94.1,89.7,75.7
nation,Wales,W92000004,2022-11-15,94.1,89.7,75.7
nation,Wales,W92000004,2022-11-14,94.1,89.7,75.6
nation,Wales,W92000004,2022-11-13,94.1,89.7,75.6
nation,Wales,W92000004,2022-11-12,94.1,89.7,75.6
nation,Wales,W92000004,2022-11-11,94.1,89.6,75.6
nation,Wales,W92000004,2022-11-10,94.1,89.6,75.6
nation,Wales,W92000004,2022-11-09,94.1,89.6,75.6
nation,Wales,W92000004,2022-11-08,94.1,89.6,75.6
nation,Wales,W92000004,2022-11-07,94.1,89.6,75.6
nation,Wales,W92000004,2022-11-06,94.1,89.6,75.6
nation,Wales,W92000004,2022-11-05,94.1,89.6,75.6
nation,Wales,W92000004,2022-11-04,94.1,89.6,75.6
nation,Wales,W92000004,2022-11-03,94.1,89.6,75.6
nation,Wales,W92000004,2022-11-02,94.1,89.6,75.6
nation,Wales,W92000004,2022-11-01,94.1,89.6,75.6
nation,Wales,W92000004,2022-10-31,94.1,89.6,75.6
nation,Wales,W92000004,2022-10-30,94.1,89.6,75.5
nation,Wales,W92000004,2022-10-29,94.1,89.6,75.5
nation,Wales,W92000004,2022-10-28,94.1,89.6,75.5
nation,Wales,W92000004,2022-10-27,94.1,89.6,75.5
nation,Wales,W92000004,2022-10-26,94.1,89.6,75.5
nation,Wales,W92000004,2022-10-25,94.1,89.6,75.5
nation,Wales,W92000004,2022-10-24,94.1,89.6,75.5
nation,Wales,W92000004,2022-10-23,94.1,89.6,75.5
nation,Wales,W92000004,2022-10-22,94.1,89.6,75.5
nation,Wales,W92000004,2022-10-21,94.1,89.5,75.5
nation,Wales,W92000004,2022-10-20,94.1,89.5,75.5
nation,Wales,W92000004,2022-10-19,94.1,89.5,75.5
nation,Wales,W92000004,2022-10-18,94.1,89.5,75.5
nation,Wales,W92000004,2022-10-17,94.1,89.5,75.5
nation,Wales,W92000004,2022-10-16,94.1,89.5,75.5
nation,Wales,W92000004,2022-10-15,94.1,89.5,75.5
nation,Wales,W92000004,2022-10-14,94.1,89.5,75.5
nation,Wales,W92000004,2022-10-13,94.1,89.5,75.4
nation,Wales,W92000004,2022-10-12,94.1,89.5,75.4
nation,Wales,W92000004,2022-10-11,94.1,89.4,75.4
nation,Wales,W92000004,2022-10-10,94.1,89.4,75.4
nation,Wales,W92000004,2022-10-09,94.1,89.4,75.4
nation,Wales,W92000004,2022-10-08,94.1,89.4,75.4
nation,Wales,W92000004,2022-10-07,94.1,89.4,75.4
nation,Wales,W92000004,2022-10-06,94.1,89.4,75.4
nation,Wales,W92000004,2022-10-05,94.1,89.4,75.4
nation,Wales,W92000004,2022-10-04,94.1,89.4,75.4
nation,Wales,W92000004,2022-10-03,94.1,89.4,75.4
nation,Wales,W92000004,2022-10-02,94.1,89.4,75.4
nation,Wales,W92000004,2022-10-01,94.1,89.4,75.4
nation,Wales,W92000004,2022-09-30,94.1,89.4,75.4
nation,Wales,W92000004,2022-09-29,94.1,89.4,75.4
nation,Wales,W92000004,2022-09-28,94.1,89.4,75.4
nation,Wales,W92000004,2022-09-27,94.1,89.4,75.4
nation,Wales,W92000004,2022-09-26,94.1,89.4,75.3
nation,Wales,W92000004,2022-09-25,94.1,89.4,75.3
nation,Wales,W92000004,2022-09-24,94.1,89.3,75.3
nation,Wales,W92000004,2022-09-23,94.1,89.3,75.3
nation,Wales,W92000004,2022-09-22,94.1,89.3,75.3
nation,Wales,W92000004,2022-09-21,94.1,89.3,75.3
nation,Wales,W92000004,2022-09-20,94.1,89.3,75.3
nation,Wales,W92000004,2022-09-19,94.1,89.3,75.3
nation,Wales,W92000004,2022-09-18,94.1,89.3,75.3
nation,Wales,W92000004,2022-09-17,94.1,89.3,75.3
nation,Wales,W92000004,2022-09-16,94.1,89.3,75.3
nation,Wales,W92000004,2022-09-15,94.1,89.3,75.3
nation,Wales,W92000004,2022-09-14,94.1,89.3,75.3
nation,Wales,W92000004,2022-09-13,94.1,89.3,75.3
nation,Wales,W92000004,2022-09-12,94.1,89.3,75.3
nation,Wales,W92000004,2022-09-11,94.1,89.3,75.3
nation,Wales,W92000004,2022-09-10,94.1,89.3,75.3
nation,Wales,W92000004,2022-09-09,94.0,89.3,75.3
nation,Wales,W92000004,2022-09-08,94.0,89.3,75.3
nation,Wales,W92000004,2022-09-07,94.0,89.3,75.2
nation,Wales,W92000004,2022-09-06,94.0,89.3,75.2
nation,Wales,W92000004,2022-09-05,94.0,89.3,75.2
nation,Wales,W92000004,2022-09-04,94.0,89.3,75.2
nation,Wales,W92000004,2022-09-03,94.0,89.3,75.2
nation,Wales,W92000004,2022-09-02,94.0,89.2,75.2
nation,Wales,W92000004,2022-09-01,94.0,89.2,75.2
nation,Wales,W92000004,2022-08-31,94.0,89.2,75.2
nation,Wales,W92000004,2022-08-30,94.0,89.2,75.2
nation,Wales,W92000004,2022-08-29,94.0,89.2,75.2
nation,Wales,W92000004,2022-08-28,94.0,89.2,75.2
nation,Wales,W92000004,2022-08-27,94.0,89.2,75.2
nation,Wales,W92000004,2022-08-26,94.0,89.2,75.2
nation,Wales,W92000004,2022-08-25,94.0,89.2,75.2
nation,Wales,W92000004,2022-08-24,94.0,89.2,75.2
nation,Wales,W92000004,2022-08-23,94.0,89.1,75.2
nation,Wales,W92000004,2022-08-22,94.0,89.1,75.2
nation,Wales,W92000004,2022-08-21,94.0,89.1,75.2
nation,Wales,W92000004,2022-08-20,94.0,89.1,75.2
nation,Wales,W92000004,2022-08-19,94.0,89.1,75.2
nation,Wales,W92000004,2022-08-18,94.0,89.1,75.1
nation,Wales,W92000004,2022-08-17,94.0,89.1,75.1
nation,Wales,W92000004,2022-08-16,94.0,89.1,75.1
nation,Wales,W92000004,2022-08-15,93.9,89.0,75.1
nation,Wales,W92000004,2022-08-14,93.9,89.0,75.1
nation,Wales,W92000004,2022-08-13,93.9,89.0,75.1
nation,Wales,W92000004,2022-08-12,93.9,89.0,75.1
nation,Wales,W92000004,2022-08-11,93.9,89.0,75.1
nation,Wales,W92000004,2022-08-10,93.9,89.0,75.1
nation,Wales,W92000004,2022-08-09,93.9,89.0,75.1
nation,Wales,W92000004,2022-08-08,93.9,89.0,75.1
nation,Wales,W92000004,2022-08-07,93.9,88.9,75.1
nation,Wales,W92000004,2022-08-06,93.9,88.9,75.1
nation,Wales,W92000004,2022-08-05,93.9,88.9,75.0
nation,Wales,W92000004,2022-08-04,93.9,88.9,75.0
nation,Wales,W92000004,2022-08-03,93.9,88.9,75.0
nation,Wales,W92000004,2022-08-02,93.9,88.9,75.0
nation,Wales,W92000004,2022-08-01,93.9,88.8,75.0
nation,Wales,W92000004,2022-07-31,93.9,88.8,75.0
nation,Wales,W92000004,2022-07-30,93.9,88.8,75.0
nation,Wales,W92000004,2022-07-29,93.9,88.8,75.0
nation,Wales,W92000004,2022-07-28,93.8,88.8,75.0
nation,Wales,W92000004,2022-07-27,93.8,88.7,75.0
nation,Wales,W92000004,2022-07-26,93.8,88.7,75.0
nation,Wales,W92000004,2022-07-25,93.8,88.7,75.0
nation,Wales,W92000004,2022-07-24,93.8,88.7,74.9
nation,Wales,W92000004,2022-07-23,93.8,88.7,74.9
nation,Wales,W92000004,2022-07-22,93.8,88.6,74.9
nation,Wales,W92000004,2022-07-21,93.8,88.6,74.9
nation,Wales,W92000004,2022-07-20,93.7,88.6,74.9
nation,Wales,W92000004,2022-07-19,93.7,88.6,74.9
nation,Wales,W92000004,2022-07-18,93.7,88.6,74.9
nation,Wales,W92000004,2022-07-17,93.7,88.6,74.9
nation,Wales,W92000004,2022-07-16,93.7,88.5,74.9
nation,Wales,W92000004,2022-07-15,93.7,88.5,74.9
nation,Wales,W92000004,2022-07-14,93.7,88.5,74.8
nation,Wales,W92000004,2022-07-13,93.7,88.5,74.8
nation,Wales,W92000004,2022-07-12,93.7,88.5,74.8
nation,Wales,W92000004,2022-07-11,93.7,88.5,74.8
nation,Wales,W92000004,2022-07-10,93.7,88.5,74.8
nation,Wales,W92000004,2022-07-09,93.7,88.4,74.8
nation,Wales,W92000004,2022-07-08,93.6,88.4,74.8
nation,Wales,W92000004,2022-07-07,93.6,88.4,74.7
nation,Wales,W92000004,2022-07-06,93.6,88.4,74.7
nation,Wales,W92000004,2022-07-05,93.6,88.4,74.7
nation,Wales,W92000004,2022-07-04,93.6,88.4,74.7
nation,Wales,W92000004,2022-07-03,93.6,88.4,74.7
nation,Wales,W92000004,2022-07-02,93.6,88.3,74.6
nation,Wales,W92000004,2022-07-01,93.6,88.3,74.6
nation,Wales,W92000004,2022-06-30,93.6,88.3,74.6
nation,Wales,W92000004,2022-06-29,93.6,88.3,74.6
nation,Wales,W92000004,2022-06-28,93.6,88.3,74.6
nation,Wales,W92000004,2022-06-27,93.5,88.2,74.6
nation,Wales,W92000004,2022-06-26,93.5,88.2,74.5
nation,Wales,W92000004,2022-06-25,93.5,88.2,74.5
nation,Wales,W92000004,2022-06-24,93.4,88.2,74.5
nation,Wales,W92000004,2022-06-23,93.4,88.2,74.5
nation,Wales,W92000004,2022-06-22,93.4,88.2,74.5
nation,Wales,W92000004,2022-06-21,93.4,88.1,74.5
nation,Wales,W92000004,2022-06-20,93.4,88.1,74.4
nation,Wales,W92000004,2022-06-19,93.3,88.1,74.4
nation,Wales,W92000004,2022-06-18,93.3,88.1,74.4
nation,Wales,W92000004,2022-06-17,93.3,88.1,74.4
nation,Wales,W92000004,2022-06-16,93.3,88.1,74.4
nation,Wales,W92000004,2022-06-15,93.3,88.1,74.4
nation,Wales,W92000004,2022-06-14,93.3,88.1,74.4
nation,Wales,W92000004,2022-06-13,93.3,88.1,74.3
nation,Wales,W92000004,2022-06-12,93.3,88.1,74.3
nation,Wales,W92000004,2022-06-11,93.2,88.0,74.3
nation,Wales,W92000004,2022-06-10,93.2,88.0,74.3
nation,Wales,W92000004,2022-06-09,93.2,88.0,74.3
nation,Wales,W92000004,2022-06-08,93.2,88.0,74.3
nation,Wales,W92000004,2022-06-07,93.2,88.0,74.3
nation,Wales,W92000004,2022-06-06,93.2,88.0,74.2
nation,Wales,W92000004,2022-06-05,93.2,88.0,74.2
nation,Wales,W92000004,2022-06-04,93.2,88.0,74.2
nation,Wales,W92000004,2022-06-03,93.2,88.0,74.2
nation,Wales,W92000004,2022-06-02,93.2,88.0,74.2
nation,Wales,W92000004,2022-06-01,93.1,88.0,74.2
nation,Wales,W92000004,2022-05-31,93.1,88.0,74.2
nation,Wales,W92000004,2022-05-30,93.1,88.0,74.2
nation,Wales,W92000004,2022-05-29,93.1,88.0,74.2
nation,Wales,W92000004,2022-05-28,93.1,87.9,74.1
nation,Wales,W92000004,2022-05-27,93.1,87.9,74.1
nation,Wales,W92000004,2022-05-26,93.1,87.9,74.1
nation,Wales,W92000004,2022-05-25,93.1,87.9,74.1
nation,Wales,W92000004,2022-05-24,93.1,87.9,74.1
nation,Wales,W92000004,2022-05-23,93.1,87.9,74.1
nation,Wales,W92000004,2022-05-22,93.1,87.9,74.0
nation,Wales,W92000004,2022-05-21,93.1,87.9,74.0
nation,Wales,W92000004,2022-05-20,93.0,87.9,74.0
nation,Wales,W92000004,2022-05-19,93.0,87.9,74.0
nation,Wales,W92000004,2022-05-18,93.0,87.9,73.9
nation,Wales,W92000004,2022-05-17,93.0,87.9,73.9
nation,Wales,W92000004,2022-05-16,93.0,87.9,73.9
nation,Wales,W92000004,2022-05-15,93.0,87.9,73.9
nation,Wales,W92000004,2022-05-14,93.0,87.9,73.9
nation,Wales,W92000004,2022-05-13,92.9,87.8,73.9
nation,Wales,W92000004,2022-05-12,92.9,87.8,73.8
nation,Wales,W92000004,2022-05-11,92.9,87.8,73.8
nation,Wales,W92000004,2022-05-10,92.9,87.8,73.8
nation,Wales,W92000004,2022-05-09,92.8,87.8,73.8
nation,Wales,W92000004,2022-05-08,92.8,87.8,73.8
nation,Wales,W92000004,2022-05-07,92.8,87.8,73.7
nation,Wales,W92000004,2022-05-06,92.8,87.8,73.7
nation,Wales,W92000004,2022-05-05,92.7,87.8,73.7
nation,Wales,W92000004,2022-05-04,92.7,87.8,73.7
nation,Wales,W92000004,2022-05-03,92.7,87.7,73.6
nation,Wales,W92000004,2022-05-02,92.7,87.7,73.6
nation,Wales,W92000004,2022-05-01,92.7,87.7,73.6
nation,Wales,W92000004,2022-04-30,92.7,87.7,73.6
nation,Wales,W92000004,2022-04-29,92.6,87.7,73.6
nation,Wales,W92000004,2022-04-28,92.6,87.7,73.6
nation,Wales,W92000004,2022-04-27,92.6,87.6,73.5
nation,Wales,W92000004,2022-04-26,92.5,87.6,73.5
nation,Wales,W92000004,2022-04-25,92.5,87.6,73.4
nation,Wales,W92000004,2022-04-24,92.5,87.6,73.4
nation,Wales,W92000004,2022-04-23,92.5,87.6,73.4
nation,Wales,W92000004,2022-04-22,92.4,87.6,73.4
nation,Wales,W92000004,2022-04-21,92.4,87.6,73.3
nation,Wales,W92000004,2022-04-20,92.4,87.5,73.3
nation,Wales,W92000004,2022-04-19,92.4,87.5,73.2
nation,Wales,W92000004,2022-04-18,92.3,87.5,73.2
nation,Wales,W92000004,2022-04-17,92.3,87.5,73.2
nation,Wales,W92000004,2022-04-16,92.3,87.5,73.2
nation,Wales,W92000004,2022-04-15,92.3,87.5,73.2
nation,Wales,W92000004,2022-04-14,92.3,87.5,73.2
nation,Wales,W92000004,2022-04-13,92.3,87.5,73.1
nation,Wales,W92000004,2022-04-12,92.3,87.4,73.1
nation,Wales,W92000004,2022-04-11,92.3,87.4,73.1
nation,Wales,W92000004,2022-04-10,92.2,87.4,73.0
nation,Wales,W92000004,2022-04-09,92.2,87.4,73.0
nation,Wales,W92000004,2022-04-08,92.1,87.4,73.0
nation,Wales,W92000004,2022-04-07,92.1,87.4,73.0
nation,Wales,W92000004,2022-04-06,92.1,87.3,72.9
nation,Wales,W92000004,2022-04-05,92.1,87.3,72.9
nation,Wales,W92000004,2022-04-04,92.1,87.3,72.9
nation,Wales,W92000004,2022-04-03,92.0,87.3,72.8
nation,Wales,W92000004,2022-04-02,92.0,87.3,72.8
nation,Wales,W92000004,2022-04-01,92.0,87.3,72.8
nation,Wales,W92000004,2022-03-31,92.0,87.3,72.8
nation,Wales,W92000004,2022-03-30,91.9,87.2,72.7
nation,Wales,W92000004,2022-03-29,91.9,87.2,72.7
nation,Wales,W92000004,2022-03-28,91.9,87.2,72.7
nation,Wales,W92000004,2022-03-27,91.9,87.2,72.6
nation,Wales,W92000004,2022-03-26,91.8,87.2,72.6
nation,Wales,W92000004,2022-03-25,91.8,87.2,72.6
nation,Wales,W92000004,2022-03-24,91.8,87.1,72.6
nation,Wales,W92000004,2022-03-23,91.8,87.1,72.5
nation,Wales,W92000004,2022-03-22,91.8,87.1,72.5
nation,Wales,W92000004,2022-03-21,91.8,87.1,72.4
nation,Wales,W92000004,2022-03-20,91.8,87.1,72.4
nation,Wales,W92000004,2022-03-19,91.8,87.1,72.4
nation,Wales,W92000004,2022-03-18,91.8,87.1,72.4
nation,Wales,W92000004,2022-03-17,91.7,87.0,72.3
nation,Wales,W92000004,2022-03-16,91.7,87.0,72.3
nation,Wales,W92000004,2022-03-15,91.7,87.0,72.2
nation,Wales,W92000004,2022-03-14,91.7,87.0,72.1
nation,Wales,W92000004,2022-03-13,91.7,87.0,72.1
nation,Wales,W92000004,2022-03-12,91.7,87.0,72.1
nation,Wales,W92000004,2022-03-11,91.7,86.9,72.0
nation,Wales,W92000004,2022-03-10,91.7,86.9,72.0
nation,Wales,W92000004,2022-03-09,91.7,86.9,71.9
nation,Wales,W92000004,2022-03-08,91.7,86.9,71.8
nation,Wales,W92000004,2022-03-07,91.7,86.9,71.8
nation,Wales,W92000004,2022-03-06,91.7,86.8,71.7
nation,Wales,W92000004,2022-03-05,91.6,86.8,71.7
nation,Wales,W92000004,2022-03-04,91.6,86.8,71.6
nation,Wales,W92000004,2022-03-03,91.6,86.8,71.6
nation,Wales,W92000004,2022-03-02,91.6,86.8,71.5
nation,Wales,W92000004,2022-03-01,91.6,86.7,71.5
nation,Wales,W92000004,2022-02-28,91.6,86.7,71.4
nation,Wales,W92000004,2022-02-27,91.6,86.7,71.3
nation,Wales,W92000004,2022-02-26,91.6,86.7,71.3
nation,Wales,W92000004,2022-02-25,91.6,86.7,71.2
nation,Wales,W92000004,2022-02-24,91.6,86.6,71.2
nation,Wales,W92000004,2022-02-23,91.6,86.6,71.1
nation,Wales,W92000004,2022-02-22,91.5,86.6,71.0
nation,Wales,W92000004,2022-02-21,91.5,86.6,71.0
nation,Wales,W92000004,2022-02-20,91.5,86.6,70.9
nation,Wales,W92000004,2022-02-19,91.5,86.5,70.9
nation,Wales,W92000004,2022-02-18,91.5,86.5,70.8
nation,Wales,W92000004,2022-02-17,91.5,86.5,70.8
nation,Wales,W92000004,2022-02-16,91.5,86.5,70.7
nation,Wales,W92000004,2022-02-15,91.5,86.4,70.7
nation,Wales,W92000004,2022-02-14,91.5,86.4,69.8
nation,Wales,W92000004,2022-02-13,91.5,86.4,69.7
nation,Wales,W92000004,2022-02-12,91.4,86.4,69.7
nation,Wales,W92000004,2022-02-11,91.4,86.3,69.6
nation,Wales,W92000004,2022-02-10,91.4,86.3,69.5
nation,Wales,W92000004,2022-02-09,91.4,86.3,69.4
nation,Wales,W92000004,2022-02-08,91.4,86.3,69.3
nation,Wales,W92000004,2022-02-07,91.4,86.2,69.3
nation,Wales,W92000004,2022-02-06,91.4,86.2,69.2
nation,Wales,W92000004,2022-02-05,91.3,86.2,69.1
nation,Wales,W92000004,2022-02-04,91.3,86.2,69.1
nation,Wales,W92000004,2022-02-03,91.3,86.1,69.0
nation,Wales,W92000004,2022-02-02,91.3,86.1,68.9
nation,Wales,W92000004,2022-02-01,91.3,86.1,68.8
nation,Wales,W92000004,2022-01-31,91.3,86.1,68.6
nation,Wales,W92000004,2022-01-30,91.2,86.0,68.6
nation,Wales,W92000004,2022-01-29,91.2,86.0,68.5
nation,Wales,W92000004,2022-01-28,91.2,85.9,68.4
nation,Wales,W92000004,2022-01-27,91.1,85.8,68.3
nation,Wales,W92000004,2022-01-26,91.1,85.8,68.2
nation,Wales,W92000004,2022-01-25,91.1,85.8,68.1
nation,Wales,W92000004,2022-01-24,91.1,85.7,68.0
nation,Wales,W92000004,2022-01-23,91.1,85.7,67.9
nation,Wales,W92000004,2022-01-22,91.0,85.6,67.7
nation,Wales,W92000004,2022-01-21,91.0,85.4,67.5
nation,Wales,W92000004,2022-01-20,91.0,85.4,67.4
nation,Wales,W92000004,2022-01-19,91.0,85.3,67.2
nation,Wales,W92000004,2022-01-18,91.0,85.3,67.1
nation,Wales,W92000004,2022-01-17,90.9,85.2,66.9
nation,Wales,W92000004,2022-01-16,90.9,85.2,66.7
nation,Wales,W92000004,2022-01-15,90.9,85.1,66.5
nation,Wales,W92000004,2022-01-14,90.9,84.9,66.3
nation,Wales,W92000004,2022-01-13,90.8,84.8,66.1
nation,Wales,W92000004,2022-01-12,90.8,84.8,65.8
nation,Wales,W92000004,2022-01-11,90.8,84.7,65.5
nation,Wales,W92000004,2022-01-10,90.8,84.6,65.1
nation,Wales,W92000004,2022-01-09,90.7,84.5,64.7
nation,Wales,W92000004,2022-01-08,90.7,84.5,64.3
nation,Wales,W92000004,2022-01-07,90.7,84.2,64.0
nation,Wales,W92000004,2022-01-06,90.6,84.1,63.5
nation,Wales,W92000004,2022-01-05,90.6,84.0,63.0
nation,Wales,W92000004,2022-01-04,90.6,83.9,62.5
nation,Wales,W92000004,2022-01-03,90.5,83.8,61.8
nation,Wales,W92000004,2022-01-02,90.5,83.7,61.6
nation,Wales,W92000004,2022-01-01,90.5,83.7,61.4
nation,Wales,W92000004,2021-12-31,90.5,83.7,61.4
nation,Wales,W92000004,2021-12-30,90.5,83.7,61.0
nation,Wales,W92000004,2021-12-29,90.5,83.6,59.8
nation,Wales,W92000004,2021-12-28,90.4,83.6,58.5
nation,Wales,W92000004,2021-12-27,90.4,83.6,57.3
nation,Wales,W92000004,2021-12-26,90.4,83.5,56.5
nation,Wales,W92000004,2021-12-25,90.4,83.5,56.5
nation,Wales,W92000004,2021-12-24,90.4,83.5,56.5
nation,Wales,W92000004,2021-12-23,90.4,83.5,56.0
nation,Wales,W92000004,2021-12-22,90.3,83.4,54.6
nation,Wales,W92000004,2021-12-21,90.3,83.3,52.9
nation,Wales,W92000004,2021-12-20,90.3,83.3,51.1
nation,Wales,W92000004,2021-12-19,90.2,83.2,49.4
nation,Wales,W92000004,2021-12-18,90.2,83.2,47.7
nation,Wales,W92000004,2021-12-17,90.2,83.1,46.4
nation,Wales,W92000004,2021-12-16,90.1,83.1,45.2
nation,Wales,W92000004,2021-12-15,90.1,83.0,43.9
nation,Wales,W92000004,2021-12-14,90.1,83.0,42.8
nation,Wales,W92000004,2021-12-13,90.0,82.9,41.6
nation,Wales,W92000004,2021-12-12,90.0,82.9,40.7
nation,Wales,W92000004,2021-12-11,90.0,82.8,40.0
nation,Wales,W92000004,2021-12-10,90.0,82.8,39.3
nation,Wales,W92000004,2021-12-09,89.9,82.7,38.6
nation,Wales,W92000004,2021-12-08,89.9,82.7,37.9
nation,Wales,W92000004,2021-12-07,89.9,82.6,37.1
nation,Wales,W92000004,2021-12-06,89.9,82.6,36.4
nation,Wales,W92000004,2021-12-05,89.9,82.6,35.8
nation,Wales,W92000004,2021-12-04,89.8,82.5,35.1
nation,Wales,W92000004,2021-12-03,89.8,82.5,34.6
nation,Wales,W92000004,2021-12-02,89.8,82.4,34.0
nation,Wales,W92000004,2021-12-01,89.8,82.4,33.3
nation,Wales,W92000004,2021-11-30,89.7,82.3,32.7
nation,Wales,W92000004,2021-11-29,89.7,82.3,32.1
nation,Wales,W92000004,2021-11-28,89.7,82.3,31.5
nation,Wales,W92000004,2021-11-27,89.7,82.2,31.0
nation,Wales,W92000004,2021-11-26,89.6,82.2,30.4
nation,Wales,W92000004,2021-11-25,89.6,82.2,29.9
nation,Wales,W92000004,2021-11-24,89.6,82.1,29.3
nation,Wales,W92000004,2021-11-23,89.6,82.1,28.8
nation,Wales,W92000004,2021-11-22,89.6,82.1,28.2
nation,Wales,W92000004,2021-11-21,89.6,82.1,27.8
nation,Wales,W92000004,2021-11-20,89.5,82.0,27.3
nation,Wales,W92000004,2021-11-19,89.5,82.0,26.8
nation,Wales,W92000004,2021-11-18,89.5,82.0,26.3
nation,Wales,W92000004,2021-11-17,89.4,81.9,25.6
nation,Wales,W92000004,2021-11-16,89.4,81.9,25.1
nation,Wales,W92000004,2021-11-15,89.4,81.9,24.5
nation,Wales,W92000004,2021-11-14,89.4,81.9,24.1
nation,Wales,W92000004,2021-11-13,89.3,81.9,23.7
nation,Wales,W92000004,2021-11-12,89.3,81.8,23.2
nation,Wales,W92000004,2021-11-11,89.2,81.8,22.6
nation,Wales,W92000004,2021-11-10,89.2,81.8,22.0
nation,Wales,W92000004,2021-11-09,89.2,81.8,21.3
nation,Wales,W92000004,2021-11-08,89.2,81.7,20.7
nation,Wales,W92000004,2021-11-07,89.1,81.7,20.2
nation,Wales,W92000004,2021-11-06,89.1,81.7,19.9
nation,Wales,W92000004,2021-11-05,89.0,81.7,19.4
nation,Wales,W92000004,2021-11-04,89.0,81.7,18.8
nation,Wales,W92000004,2021-11-03,89.0,81.6,18.2
nation,Wales,W92000004,2021-11-02,88.9,81.6,17.6
nation,Wales,W92000004,2021-11-01,88.9,81.6,17.0
nation,Wales,W92000004,2021-10-31,88.9,81.6,16.5
nation,Wales,W92000004,2021-10-30,88.8,81.5,16.3
nation,Wales,W92000004,2021-10-29,88.7,81.5,15.9
nation,Wales,W92000004,2021-10-28,88.6,81.5,15.4
nation,Wales,W92000004,2021-10-27,88.6,81.5,14.8
nation,Wales,W92000004,2021-10-26,88.5,81.5,14.3
nation,Wales,W92000004,2021-10-25,88.4,81.4,13.8
nation,Wales,W92000004,2021-10-24,88.3,81.4,13.0
nation,Wales,W92000004,2021-10-23,88.2,81.4,12.8
nation,Wales,W92000004,2021-10-22,88.1,81.4,12.4
nation,Wales,W92000004,2021-10-21,88.0,81.4,11.7
nation,Wales,W92000004,2021-10-20,88.0,81.3,
nation,Wales,W92000004,2021-10-19,87.9,81.3,
nation,Wales,W92000004,2021-10-18,87.9,81.3,
nation,Wales,W92000004,2021-10-17,87.8,81.3,
nation,Wales,W92000004,2021-10-16,87.7,81.2,
nation,Wales,W92000004,2021-10-15,87.5,81.2,
nation,Wales,W92000004,2021-10-14,87.4,81.2,
nation,Wales,W92000004,2021-10-13,87.4,81.2,
nation,Wales,W92000004,2021-10-12,87.3,81.1,
nation,Wales,W92000004,2021-10-11,87.3,81.1,
nation,Wales,W92000004,2021-10-10,87.2,81.0,
nation,Wales,W92000004,2021-10-09,87.0,81.0,
nation,Wales,W92000004,2021-10-08,86.9,81.0,
nation,Wales,W92000004,2021-10-07,86.8,81.0,
nation,Wales,W92000004,2021-10-06,86.8,81.0,
nation,Wales,W92000004,2021-10-05,86.7,80.9,
nation,Wales,W92000004,2021-10-04,86.7,80.9,
nation,Wales,W92000004,2021-10-03,86.7,80.9,
nation,Wales,W92000004,2021-10-02,86.5,80.8,
nation,Wales,W92000004,2021-10-01,86.4,80.8,
nation,Wales,W92000004,2021-09-30,86.4,80.8,
nation,Wales,W92000004,2021-09-29,86.4,80.8,
nation,Wales,W92000004,2021-09-28,86.3,80.8,
nation,Wales,W92000004,2021-09-27,86.3,80.7,
nation,Wales,W92000004,2021-09-26,86.3,80.7,
nation,Wales,W92000004,2021-09-25,86.2,80.7,
nation,Wales,W92000004,2021-09-24,86.2,80.7,
nation,Wales,W92000004,2021-09-23,86.2,80.6,
nation,Wales,W92000004,2021-09-22,86.1,80.6,
nation,Wales,W92000004,2021-09-21,86.1,80.6,
nation,Wales,W92000004,2021-09-20,86.1,80.5,
nation,Wales,W92000004,2021-09-19,86.1,80.5,
nation,Wales,W92000004,2021-09-18,86.1,80.5,
nation,Wales,W92000004,2021-09-17,86.0,80.4,
nation,Wales,W92000004,2021-09-16,86.0,80.4,
nation,Wales,W92000004,2021-09-15,86.0,80.3,
nation,Wales,W92000004,2021-09-14,85.9,80.3,
nation,Wales,W92000004,2021-09-13,86.1,80.0,
nation,Wales,W92000004,2021-09-12,86.0,80.0,
nation,Wales,W92000004,2021-09-11,86.0,80.0,
nation,Wales,W92000004,2021-09-10,86.0,79.9,
nation,Wales,W92000004,2021-09-09,86.0,79.8,
nation,Wales,W92000004,2021-09-08,85.9,79.8,
nation,Wales,W92000004,2021-09-07,85.9,79.7,
nation,Wales,W92000004,2021-09-06,85.9,79.7,
nation,Wales,W92000004,2021-09-05,85.8,79.6,
nation,Wales,W92000004,2021-09-04,85.8,79.6,
nation,Wales,W92000004,2021-09-03,85.8,79.6,
nation,Wales,W92000004,2021-09-02,85.7,79.5,
nation,Wales,W92000004,2021-09-01,85.6,79.4,
nation,Wales,W92000004,2021-08-31,85.6,79.3,
nation,Wales,W92000004,2021-08-30,85.5,79.2,
nation,Wales,W92000004,2021-08-29,85.5,79.2,
nation,Wales,W92000004,2021-08-28,85.5,79.2,
nation,Wales,W92000004,2021-08-27,85.4,79.2,
nation,Wales,W92000004,2021-08-26,85.4,79.0,
nation,Wales,W92000004,2021-08-25,85.3,78.9,
nation,Wales,W92000004,2021-08-24,85.2,78.8,
nation,Wales,W92000004,2021-08-23,85.0,78.7,
nation,Wales,W92000004,2021-08-22,84.9,78.7,
nation,Wales,W92000004,2021-08-21,84.8,78.6,
nation,Wales,W92000004,2021-08-20,84.7,78.5,
nation,Wales,W92000004,2021-08-19,84.6,78.4,
nation,Wales,W92000004,2021-08-18,84.4,78.3,
nation,Wales,W92000004,2021-08-17,84.3,78.1,
nation,Wales,W92000004,2021-08-16,84.2,78.0,
nation,Wales,W92000004,2021-08-15,84.1,77.9,
nation,Wales,W92000004,2021-08-14,84.1,77.8,
nation,Wales,W92000004,2021-08-13,84.0,77.7,
nation,Wales,W92000004,2021-08-12,84.0,77.5,
nation,Wales,W92000004,2021-08-11,83.9,77.3,
nation,Wales,W92000004,2021-08-10,83.9,77.2,
nation,Wales,W92000004,2021-08-09,83.8,77.0,
nation,Wales,W92000004,2021-08-08,83.7,76.9,
nation,Wales,W92000004,2021-08-07,83.7,76.7,
nation,Wales,W92000004,2021-08-06,83.6,76.5,
nation,Wales,W92000004,2021-08-05,83.6,76.3,
nation,Wales,W92000004,2021-08-04,83.6,76.0,
nation,Wales,W92000004,2021-08-03,83.5,75.7,
nation,Wales,W92000004,2021-08-02,83.5,75.4,
nation,Wales,W92000004,2021-08-01,83.5,75.1,
nation,Wales,W92000004,2021-07-31,83.4,75.0,
nation,Wales,W92000004,2021-07-30,83.4,74.7,
nation,Wales,W92000004,2021-07-29,83.4,74.4,
nation,Wales,W92000004,2021-07-28,83.3,74.0,
nation,Wales,W92000004,2021-07-27,83.3,73.5,
nation,Wales,W92000004,2021-07-26,83.2,73.2,
nation,Wales,W92000004,2021-07-25,83.2,72.8,
nation,Wales,W92000004,2021-07-24,83.2,72.5,
nation,Wales,W92000004,2021-07-23,83.1,72.1,
nation,Wales,W92000004,2021-07-22,83.1,71.7,
nation,Wales,W92000004,2021-07-21,83.0,71.2,
nation,Wales,W92000004,2021-07-20,83.0,70.7,
nation,Wales,W92000004,2021-07-19,83.0,70.3,
nation,Wales,W92000004,2021-07-18,82.9,70.0,
nation,Wales,W92000004,2021-07-17,82.9,69.7,
nation,Wales,W92000004,2021-07-16,82.9,69.2,
nation,Wales,W92000004,2021-07-15,82.8,68.8,
nation,Wales,W92000004,2021-07-14,82.8,68.2,
nation,Wales,W92000004,2021-07-13,82.8,67.7,
nation,Wales,W92000004,2021-07-12,82.7,67.1,
nation,Wales,W92000004,2021-07-11,82.7,66.6,
nation,Wales,W92000004,2021-07-10,82.6,66.3,
nation,Wales,W92000004,2021-07-09,82.6,65.8,
nation,Wales,W92000004,2021-07-08,82.5,65.4,
nation,Wales,W92000004,2021-07-07,82.5,64.8,
nation,Wales,W92000004,2021-07-06,82.4,64.1,
nation,Wales,W92000004,2021-07-05,82.4,63.5,
nation,Wales,W92000004,2021-07-04,82.3,62.9,
nation,Wales,W92000004,2021-07-03,82.3,62.6,
nation,Wales,W92000004,2021-07-02,82.2,62.2,
nation,Wales,W92000004,2021-07-01,82.2,61.6,
nation,Wales,W92000004,2021-06-30,82.1,61.0,
nation,Wales,W92000004,2021-06-29,82.1,60.3,
nation,Wales,W92000004,2021-06-28,82.0,59.7,
nation,Wales,W92000004,2021-06-27,81.9,59.1,
nation,Wales,W92000004,2021-06-26,81.9,58.8,
nation,Wales,W92000004,2021-06-25,81.8,58.4,
nation,Wales,W92000004,2021-06-24,81.7,57.8,
nation,Wales,W92000004,2021-06-23,81.6,57.1,
nation,Wales,W92000004,2021-06-22,81.5,56.4,
nation,Wales,W92000004,2021-06-21,81.4,55.8,
nation,Wales,W92000004,2021-06-20,81.3,55.2,
nation,Wales,W92000004,2021-06-19,81.3,54.8,
nation,Wales,W92000004,2021-06-18,81.2,54.2,
nation,Wales,W92000004,2021-06-17,81.0,53.6,
nation,Wales,W92000004,2021-06-16,80.9,52.8,
nation,Wales,W92000004,2021-06-15,80.8,52.0,
nation,Wales,W92000004,2021-06-14,80.6,51.3,
nation,Wales,W92000004,2021-06-13,80.5,50.3,
nation,Wales,W92000004,2021-06-12,80.4,50.1,
nation,Wales,W92000004,2021-06-11,80.2,49.4,
nation,Wales,W92000004,2021-06-10,80.0,48.6,
nation,Wales,W92000004,2021-06-09,79.8,47.8,
nation,Wales,W92000004,2021-06-08,79.6,46.9,
nation,Wales,W92000004,2021-06-07,79.4,46.2,
nation,Wales,W92000004,2021-06-06,79.4,45.4,
nation,Wales,W92000004,2021-06-05,79.2,45.0,
nation,Wales,W92000004,2021-06-04,79.0,43.9,
nation,Wales,W92000004,2021-06-03,78.8,42.9,
nation,Wales,W92000004,2021-06-02,78.5,42.1,
nation,Wales,W92000004,2021-06-01,78.2,41.4,
nation,Wales,W92000004,2021-05-31,78.0,40.6,
nation,Wales,W92000004,2021-05-30,78.0,40.5,
nation,Wales,W92000004,2021-05-29,77.8,40.4,
nation,Wales,W92000004,2021-05-28,77.6,40.1,
nation,Wales,W92000004,2021-05-27,77.3,39.3,
nation,Wales,W92000004,2021-05-26,77.0,38.5,
nation,Wales,W92000004,2021-05-25,76.8,37.7,
nation,Wales,W92000004,2021-05-24,76.5,37.0,
nation,Wales,W92000004,2021-05-23,76.3,36.5,
nation,Wales,W92000004,2021-05-22,76.0,36.4,
nation,Wales,W92000004,2021-05-21,75.6,35.8,
nation,Wales,W92000004,2021-05-20,75.2,35.2,
nation,Wales,W92000004,2021-05-19,74.8,34.6,
nation,Wales,W92000004,2021-05-18,74.4,34.1,
nation,Wales,W92000004,2021-05-17,74.0,33.7,
nation,Wales,W92000004,2021-05-16,73.7,33.3,
nation,Wales,W92000004,2021-05-15,73.4,33.3,
nation,Wales,W92000004,2021-05-14,72.9,32.9,
nation,Wales,W92000004,2021-05-13,72.3,32.4,
nation,Wales,W92000004,2021-05-12,71.8,31.9,
nation,Wales,W92000004,2021-05-11,71.3,31.4,
nation,Wales,W92000004,2021-05-10,70.8,31.1,
nation,Wales,W92000004,2021-05-09,70.3,30.8,
nation,Wales,W92000004,2021-05-08,69.9,30.6,
nation,Wales,W92000004,2021-05-07,69.4,30.2,
nation,Wales,W92000004,2021-05-06,68.9,29.6,
nation,Wales,W92000004,2021-05-05,68.5,29.0,
nation,Wales,W92000004,2021-05-04,68.1,28.5,
nation,Wales,W92000004,2021-05-03,67.8,28.1,
nation,Wales,W92000004,2021-05-02,67.6,28.0,
nation,Wales,W92000004,2021-05-01,67.4,28.0,
nation,Wales,W92000004,2021-04-30,67.1,27.8,
nation,Wales,W92000004,2021-04-29,66.5,27.2,
nation,Wales,W92000004,2021-04-28,66.0,26.6,
nation,Wales,W92000004,2021-04-27,65.4,26.0,
nation,Wales,W92000004,2021-04-26,64.9,25.5,
nation,Wales,W92000004,2021-04-25,64.6,25.1,
nation,Wales,W92000004,2021-04-24,64.3,25.0,
nation,Wales,W92000004,2021-04-23,63.9,24.4,
nation,Wales,W92000004,2021-04-22,63.3,23.8,
nation,Wales,W92000004,2021-04-21,62.8,23.1,
nation,Wales,W92000004,2021-04-20,62.2,22.6,
nation,Wales,W92000004,2021-04-19,61.7,22.2,
nation,Wales,W92000004,2021-04-18,61.5,21.9,
nation,Wales,W92000004,2021-04-17,61.2,21.9,
nation,Wales,W92000004,2021-04-16,60.8,21.4,
nation,Wales,W92000004,2021-04-15,60.2,20.9,
nation,Wales,W92000004,2021-04-14,59.6,20.3,
nation,Wales,W92000004,2021-04-13,58.9,20.0,
nation,Wales,W92000004,2021-04-12,58.3,19.5,
nation,Wales,W92000004,2021-04-11,57.7,19.2,
nation,Wales,W92000004,2021-04-10,57.2,19.1,
nation,Wales,W92000004,2021-04-09,56.6,18.5,
nation,Wales,W92000004,2021-04-08,55.9,18.1,
nation,Wales,W92000004,2021-04-07,55.2,17.6,
nation,Wales,W92000004,2021-04-06,54.6,17.3,
nation,Wales,W92000004,2021-04-05,54.3,17.1,
nation,Wales,W92000004,2021-04-04,54.2,17.0,
nation,Wales,W92000004,2021-04-03,53.9,16.9,
nation,Wales,W92000004,2021-04-02,53.5,16.8,
nation,Wales,W92000004,2021-04-01,53.1,16.7,
nation,Wales,W92000004,2021-03-31,52.5,16.3,
nation,Wales,W92000004,2021-03-30,51.9,15.9,
nation,Wales,W92000004,2021-03-29,51.4,15.4,
nation,Wales,W92000004,2021-03-28,50.9,15.1,
nation,Wales,W92000004,2021-03-27,50.4,15.0,
nation,Wales,W92000004,2021-03-26,49.6,14.6,
nation,Wales,W92000004,2021-03-25,48.8,14.2,
nation,Wales,W92000004,2021-03-24,48.0,13.8,
nation,Wales,W92000004,2021-03-23,47.4,13.3,
nation,Wales,W92000004,2021-03-22,46.8,12.8,
nation,Wales,W92000004,2021-03-21,46.3,12.6,
nation,Wales,W92000004,2021-03-20,45.7,12.3,
nation,Wales,W92000004,2021-03-19,44.8,12.0,
nation,Wales,W92000004,2021-03-18,43.8,11.6,
nation,Wales,W92000004,2021-03-17,42.9,11.1,
nation,Wales,W92000004,2021-03-16,42.1,10.5,
nation,Wales,W92000004,2021-03-15,41.4,9.9,
nation,Wales,W92000004,2021-03-14,40.8,9.6,
nation,Wales,W92000004,2021-03-13,40.5,9.4,
nation,Wales,W92000004,2021-03-12,39.4,9.1,
nation,Wales,W92000004,2021-03-11,38.4,8.6,
nation,Wales,W92000004,2021-03-10,37.6,8.1,
nation,Wales,W92000004,2021-03-09,37.0,7.5,
nation,Wales,W92000004,2021-03-08,36.6,7.0,
nation,Wales,W92000004,2021-03-07,36.3,6.7,
nation,Wales,W92000004,2021-03-06,36.2,6.4,
nation,Wales,W92000004,2021-03-05,35.7,6.1,
nation,Wales,W92000004,2021-03-04,35.1,5.6,
nation,Wales,W92000004,2021-03-03,34.6,5.1,
nation,Wales,W92000004,2021-03-02,34.2,4.5,
nation,Wales,W92000004,2021-03-01,33.9,4.1,
nation,Wales,W92000004,2021-02-28,33.6,3.8,
nation,Wales,W92000004,2021-02-27,33.6,3.5,
nation,Wales,W92000004,2021-02-26,33.3,3.2,
nation,Wales,W92000004,2021-02-25,32.8,2.9,
nation,Wales,W92000004,2021-02-24,32.3,2.5,
nation,Wales,W92000004,2021-02-23,31.9,2.2,
nation,Wales,W92000004,2021-02-22,31.6,1.8,
nation,Wales,W92000004,2021-02-21,31.3,1.6,
nation,Wales,W92000004,2021-02-20,31.3,1.4,
nation,Wales,W92000004,2021-02-19,31.0,1.2,
nation,Wales,W92000004,2021-02-18,30.5,0.9,
nation,Wales,W92000004,2021-02-17,29.9,0.7,
nation,Wales,W92000004,2021-02-16,29.3,0.5,
nation,Wales,W92000004,2021-02-15,28.9,0.3,
nation,Wales,W92000004,2021-02-14,28.5,0.2,
nation,Wales,W92000004,2021-02-13,28.0,0.2,
nation,Wales,W92000004,2021-02-12,27.2,0.2,
nation,Wales,W92000004,2021-02-11,26.0,0.1,
nation,Wales,W92000004,2021-02-10,24.9,0.1,
nation,Wales,W92000004,2021-02-09,23.8,0.1,
nation,Wales,W92000004,2021-02-08,22.9,0.1,
nation,Wales,W92000004,2021-02-07,21.9,0.1,
nation,Wales,W92000004,2021-02-06,21.4,0.1,
nation,Wales,W92000004,2021-02-05,20.2,0.1,
nation,Wales,W92000004,2021-02-04,19.0,0.1,
nation,Wales,W92000004,2021-02-03,17.8,,
nation,Wales,W92000004,2021-02-02,16.8,,
nation,Wales,W92000004,2021-02-01,16.0,,
nation,Wales,W92000004,2021-01-31,15.1,,
nation,Wales,W92000004,2021-01-30,14.7,,
nation,Wales,W92000004,2021-01-29,13.7,,
nation,Wales,W92000004,2021-01-28,13.2,,
nation,Wales,W92000004,2021-01-27,12.2,,
nation,Wales,W92000004,2021-01-26,11.3,,
nation,Wales,W92000004,2021-01-25,10.5,,
nation,Wales,W92000004,2021-01-24,9.8,,
nation,Wales,W92000004,2021-01-23,9.6,,
nation,Wales,W92000004,2021-01-22,8.7,,
nation,Wales,W92000004,2021-01-21,7.7,,
nation,Wales,W92000004,2021-01-20,6.9,,
nation,Wales,W92000004,2021-01-19,6.4,,
nation,Wales,W92000004,2021-01-18,5.9,,
nation,Wales,W92000004,2021-01-17,5.5,,
nation,Wales,W92000004,2021-01-16,4.6,,
nation,Wales,W92000004,2021-01-15,4.6,,
nation,Wales,W92000004,2021-01-14,4.6,,
nation,Wales,W92000004,2021-01-13,4.1,,
nation,Wales,W92000004,2021-01-12,3.7,,
nation,Wales,W92000004,2021-01-11,3.3,,
nation,Wales,W92000004,2021-01-10,3.1,,
